"","player","season","n_shots","n_successes","n_runs","phat_after_Sstreak","phat_other_trials","diff_in_proportions","null_median","null_mean","null_sd","p_value","z_score"
"1","Kyle Lowry","2016",1195,502,578,0.531914893617021,0.410535876475931,0.12137901714109,-0.00367536753675368,-0.00521141282425441,0.0543691313356589,0.0084,2.32835115911293
"2","Damian Lillard","2016",1457,601,698,0.508928571428571,0.404460966542751,0.10446760488582,-0.00137763932156454,-0.00232048634122959,0.0500607261025071,0.0128,2.13317104127465
"3","Giannis Antetokounmpo","2021",1116,642,558,0.639269406392694,0.559643255295429,0.0796261510972648,-0.0013610250945596,-0.00248333192609288,0.038419323875525,0.0128,2.13719229649602
"4","Shai Gilgeous-Alexander","2022",1051,477,511,0.544554455445545,0.44421052631579,0.100343929129755,-0.0036172161172161,-0.00467829811522591,0.054158618939202,0.021,1.93915999525169
"5","Tobias Harris","2019",1253,611,600,0.55952380952381,0.476497695852535,0.083026113671275,-0.00315584098978977,-0.00379687662972052,0.043945775142663,0.0216,1.97568457989735
"6","Trae Young","2019",1276,534,624,0.505050505050505,0.411214953271028,0.0938355517794771,-0.00297227454729604,-0.00338917153605007,0.0529234370689115,0.032,1.83708256115208
"7","Khris Middleton","2019",1161,513,555,0.521367521367521,0.432950191570881,0.0884173297966402,-0.00287290074305274,-0.00296326535347917,0.0528270961198864,0.0402,1.72980538136602
"8","Hassan Whiteside","2017",973,542,467,0.612021857923497,0.544303797468354,0.0677180604551428,-0.003358395989975,-0.00352729740581149,0.0421447254973998,0.0434,1.69049286761519
"9","Keldon Johnson","2022",1011,471,482,0.539823008849557,0.456570155902004,0.083252852947553,-0.00299931050333258,-0.00376402007548265,0.0533229727781869,0.0456,1.63188337951466
"10","Giannis Antetokounmpo","2023",1280,708,639,0.600917431192661,0.54331450094162,0.0576029302510409,-0.001051277440416,-0.00234757423190888,0.0371016288007475,0.049,1.61584562243645
"11","OG Anunoby","2025",915,425,458,0.535353535353535,0.455882352941176,0.0794711824123589,-0.0032673637042569,-0.00485681624304053,0.0547781574842349,0.0578,1.53944569383643
"12","Kemba Walker","2019",1693,733,815,0.49079754601227,0.426797385620915,0.0640001603913549,-0.00237216398444801,-0.00313697128621059,0.0445069529637095,0.0586,1.50846389624355
"13","D'Angelo Russell","2020",845,360,433,0.508474576271186,0.419847328244275,0.0886272480269116,-0.00247983784016909,-0.00486671872323814,0.0642933343372766,0.061,1.45417822413268
"14","Nikola Vucevic","2016",1016,507,509,0.558139534883721,0.490417136414882,0.0677223984688393,-0.00331227113429994,-0.00374091193678251,0.0478052087863843,0.0616,1.49488543654213
"15","Kemba Walker","2018",1373,593,634,0.496,0.425480769230769,0.0705192307692308,-0.00360522757999099,-0.00369232089597151,0.0492718418585784,0.0628,1.50616556771323
"16","Karl-Anthony Towns","2017",1479,801,744,0.585774058577406,0.533064516129032,0.0527095424483736,-0.00122556924466233,-0.00197563977701525,0.0363802076401981,0.0666,1.50315750713211
"17","Andre Drummond","2019",1054,562,494,0.582857142857143,0.523321956769056,0.0595351860880871,-0.00230704697986572,-0.00269657127257656,0.0427133706430599,0.0722,1.45696198693172
"18","Joel Embiid","2022",1354,680,687,0.549132947976879,0.495342929720576,0.0537900182563028,-0.00252951096121412,-0.00332689413490243,0.0408020807688854,0.077,1.39985293188187
"19","Kobe Bryant","2016",1118,397,516,0.444444444444444,0.351351351351351,0.093093093093093,-0.00624388776047546,-0.00723195534714513,0.0713198794085073,0.078,1.4066912237133
"20","Klay Thompson","2016",1384,642,692,0.514925373134328,0.4584,0.0565253731343284,-0.00320660949544399,-0.00343113604395071,0.0446380139519447,0.0844,1.3431715228824
"21","T.J. Warren","2020",997,534,473,0.582857142857143,0.525547445255474,0.0573096976016684,-0.00159361267163527,-0.00260480983109932,0.0440068140638209,0.0858,1.36148250463841
"22","Mikal Bridges","2023",1267,593,618,0.52,0.461056401074306,0.0589435989256938,-0.0020885547201337,-0.00342118240461428,0.0473020498516378,0.0858,1.31843718244588
"23","Paolo Banchero","2024",1417,643,705,0.507246376811594,0.44800625488663,0.059240121924964,-0.00153074397845893,-0.00188932754341208,0.045461790915944,0.0868,1.34463355351312
"24","Lou Williams","2019",1140,484,561,0.489583333333333,0.418582375478927,0.0710009578544061,-0.00216076628150569,-0.00324181717282769,0.0550878727884741,0.087,1.34771540938439
"25","Jalen Green","2024",1332,563,672,0.483516483516484,0.418211120064464,0.0653053634520194,-0.00393526603795552,-0.00427727849301694,0.0509594118342358,0.0898,1.36545221854953
"26","Bojan Bogdanovic","2021",925,406,444,0.505882352941176,0.432142857142857,0.0737394957983193,-0.00329973057245786,-0.00477886697265889,0.0584247834487766,0.0904,1.34392218740217
"27","Klay Thompson","2019",1417,662,715,0.516778523489933,0.461356466876972,0.0554220566129613,-0.00212206511303131,-0.00276714118190268,0.0434210495768239,0.0906,1.34011495258564
"28","Shai Gilgeous-Alexander","2025",1575,828,762,0.565040650406504,0.518434913468773,0.0466057369377306,-0.00127704676556523,-0.00139552504852427,0.0361281405835978,0.0928,1.32863914972827
"29","Pascal Siakam","2020",1114,507,547,0.509090909090909,0.449203187250996,0.059887721839913,-0.00352246763137853,-0.00412453243627665,0.051433441646138,0.104,1.24456486339362
"30","Cade Cunningham","2022",1031,429,477,0.477777777777778,0.410201912858661,0.0675758649191168,-0.00464235538452146,-0.00615735534006711,0.0596743580367944,0.1042,1.23559301993196
"31","RJ Barrett","2022",1194,487,574,0.469135802469136,0.403414195867026,0.0657216066021097,-0.00365041435761859,-0.00470506681429016,0.0569977312309267,0.1044,1.23560485471019
"32","Andre Drummond","2016",1015,519,508,0.557142857142857,0.504,0.0531428571428572,-0.00402515501691092,-0.00449478051375933,0.0465529259446855,0.1062,1.23810988218231
"33","Donovan Mitchell","2019",1540,668,731,0.482517482517482,0.428775948460988,0.0537415340564947,-0.00213068181818182,-0.00371433868136325,0.0469843727343865,0.1084,1.22287197623493
"34","Russell Westbrook","2020",1291,606,653,0.515625,0.464316423043852,0.0513085769561479,-0.00098072659048265,-0.00253860141988191,0.045689846561852,0.11,1.17853708051164
"35","Jalen Brunson","2023",1194,587,600,0.535211267605634,0.48574144486692,0.0494698227387136,-0.00240197480920601,-0.00370021469776978,0.0445358246584795,0.1166,1.19387117773646
"36","Domantas Sabonis","2024",1068,634,523,0.625570776255708,0.585394581861013,0.0401761943946948,-0.00205854746283007,-0.00252815400109006,0.0370740757830034,0.1224,1.15186548804981
"37","Joel Embiid","2021",900,461,445,0.556390977443609,0.504563233376793,0.0518277440668163,-0.00431314751397982,-0.00481836074773254,0.0493670204083896,0.126,1.1474483237178
"38","DeMar DeRozan","2024",1355,650,685,0.52,0.474688796680498,0.0453112033195021,-0.00194568898424519,-0.00265181005899769,0.0434373297687536,0.137,1.10418880796401
"39","Carmelo Anthony","2016",1302,564,656,0.479591836734694,0.429401993355482,0.0501898433792121,-0.00356626129120557,-0.00351776550958082,0.0499797158800238,0.143,1.07458811926258
"40","Pascal Siakam","2023",1321,636,677,0.519736842105263,0.476475620188195,0.0432612219170681,-0.00134505425239745,-0.00287940874689877,0.0442377206630855,0.1476,1.04301555261796
"41","Nikola Jokic","2022",1316,768,655,0.611111111111111,0.577067669172932,0.0340434419381789,-0.00112697777184634,-0.00181146227622798,0.0343908790560326,0.149,1.04257015809305
"42","Karl-Anthony Towns","2021",875,425,466,0.53,0.48,0.05,-0.00474671631227155,-0.00567675237250037,0.0543406009111584,0.1522,1.02458845575754
"43","Khris Middleton","2020",954,473,483,0.537190082644628,0.489795918367347,0.0473941642772812,-0.0045909520807062,-0.0045230838396211,0.0501522075550458,0.1532,1.03519367636847
"44","Nikola Jokic","2024",1419,828,671,0.608843537414966,0.576888888888889,0.0319546485260771,-0.00170262134704624,-0.00221480864107187,0.0330092711246355,0.155,1.0351472784156
"45","Bradley Beal","2020",1303,593,682,0.495412844036697,0.45142378559464,0.0439890584420574,-0.00345640597934177,-0.00401850720194462,0.0473712046875018,0.1562,1.01343349743158
"46","Coby White","2025",1058,480,566,0.5,0.450304259634888,0.0496957403651115,-0.00227310713688789,-0.00376564552120346,0.0525200170944884,0.1562,1.01792400010329
"47","Anthony Edwards","2025",1470,647,737,0.479338842975207,0.436619718309859,0.0427191246653475,-0.00285346097201766,-0.0036088443439321,0.0466072668169717,0.1576,0.994007419298177
"48","Russell Westbrook","2019",1491,637,723,0.466101694915254,0.423889293517844,0.0422124013974101,-0.00265229844458431,-0.00373731010184707,0.0475382187381547,0.166,0.966584628514434
"49","Zion Williamson","2024",1094,624,533,0.6,0.56355455568054,0.0364454443194601,-0.00140326858903062,-0.00220403706724845,0.0387202783314483,0.1662,0.998171579653077
"50","Andrew Wiggins","2016",1271,572,656,0.490566037735849,0.446351931330472,0.0442141064053769,-0.00319396051103371,-0.00366216945395423,0.0492008084055097,0.1682,0.973079049123302
"51","De'Aaron Fox","2023",1330,682,687,0.544378698224852,0.508182601205857,0.0361960970189951,-0.00170975440563209,-0.00253591682791384,0.0408449536178912,0.1706,0.948269257672587
"52","Paul George","2024",1245,587,623,0.507936507936508,0.467381590705988,0.0405549172305204,-0.00200114351057745,-0.00260673228661436,0.0462415964156189,0.173,0.933394451376599
"53","Zion Williamson","2021",1046,639,506,0.633620689655172,0.604422604422604,0.0291980852325679,-0.00265785431320231,-0.00319972138265307,0.0355091611062269,0.1784,0.912378822983224
"54","Devin Booker","2019",1256,587,624,0.503937007874016,0.463241806908769,0.0406952009652469,-0.0043700083955826,-0.00452536427616794,0.046873766139387,0.1786,0.96473078580765
"55","Kyle Kuzma","2018",1057,478,547,0.494505494505495,0.44824016563147,0.0462653288740246,-0.00357515268881275,-0.00458319518475944,0.0533253010096257,0.1788,0.953553437037428
"56","Buddy Hield","2021",992,403,463,0.453333333333333,0.402399127589967,0.050934205743366,-0.00661686232657416,-0.0069733081864325,0.0633047209682415,0.1788,0.914742424326448
"57","Terrence Ross","2020",846,341,417,0.454545454545455,0.399494310998736,0.0550511435467188,-0.00675059295748953,-0.00749680199271199,0.0691624571632132,0.1834,0.904362686129366
"58","Terry Rozier","2021",1133,510,567,0.489795918367347,0.446376811594203,0.043419106773144,-0.00332285585990116,-0.00401445248795973,0.052309021890107,0.1856,0.906794995340463
"59","Victor Oladipo","2018",1347,643,658,0.509933774834437,0.473244147157191,0.0366896276772465,-0.00205027530608926,-0.00291390690300032,0.0432452992325209,0.1862,0.915788196245491
"60","Russell Westbrook","2018",1684,757,819,0.48125,0.446194225721785,0.0350557742782152,-0.00215553427753296,-0.00220217658891887,0.0422486980235926,0.1906,0.881872166719278
"61","Terry Rozier","2020",943,398,461,0.467532467532468,0.418013856812933,0.0495186107195345,-0.00289260737431801,-0.00536180579658541,0.0622008745859333,0.1924,0.882309402905584
"62","CJ McCollum","2017",1442,692,690,0.511363636363636,0.475513428120063,0.0358502082435732,-0.000678637333420107,-0.00103698213721334,0.0417814128105606,0.1966,0.882861250959492
"63","Damian Lillard","2020",1348,624,637,0.493150684931507,0.459234608985025,0.0339160759464819,-0.00339949489774394,-0.00456053461249273,0.0449821141890392,0.1974,0.855375769962147
"64","Jeff Teague","2016",946,409,472,0.475,0.428406466512702,0.0465935334872979,-0.00404465296877532,-0.00492089644018315,0.0603372926179383,0.199,0.853774302630307
"65","Blake Griffin","2017",973,480,500,0.527777777777778,0.489017341040462,0.0387604367373154,-0.0017337365876211,-0.00326584806768118,0.0503208394334353,0.2012,0.835166608470218
"66","Jordan Clarkson","2016",1089,467,531,0.467391304347826,0.425275827482447,0.0421154768653788,-0.00361381374959907,-0.00481125792106852,0.0558254134275697,0.2046,0.840598070040844
"67","Dwight Howard","2018",911,506,451,0.582822085889571,0.549465240641711,0.0333568452478593,-0.0025142356548401,-0.00323741323443514,0.0435790511422199,0.2056,0.839721323047382
"68","RJ Barrett","2025",900,422,439,0.505050505050505,0.464419475655431,0.0406310293950743,-0.00249242953645468,-0.00372341004584177,0.054472717086969,0.2144,0.814250542525748
"69","Dennis Schroder","2019",1103,456,549,0.453333333333333,0.410505836575875,0.0428274967574578,-0.00530898569712851,-0.00500637531973828,0.0579777331140926,0.2152,0.825038674469478
"70","Ish Smith","2016",958,388,476,0.446428571428571,0.402439024390244,0.0439895470383275,-0.00534521158129175,-0.00672695186870238,0.063067357461749,0.2168,0.804164007312182
"71","Gordon Hayward","2016",1192,511,609,0.465116279069767,0.425858951175407,0.0392573278943605,-0.00186417024050856,-0.00326284745246848,0.0537160882592437,0.2174,0.791572445514254
"72","Jimmy Butler","2016",1006,451,502,0.484210526315789,0.44456641053787,0.039644115777919,-0.00424551188743333,-0.00483970694908999,0.0552330383230209,0.2176,0.805384314852516
"73","Coby White","2024",1210,542,609,0.480769230769231,0.444846292947559,0.035922937821672,-0.00174770377825517,-0.00267205666467995,0.0500245546665689,0.2226,0.771521000908475
"74","Trae Young","2021",1112,487,572,0.470588235294118,0.43524829600779,0.0353399392863279,-0.00345268542199489,-0.0046358047425153,0.0534088691328111,0.2312,0.748485123874017
"75","Jordan Clarkson","2019",1181,529,608,0.479591836734694,0.445060018467221,0.0345318182674731,-0.000860651328630502,-0.00254565667915496,0.0504680472282054,0.238,0.734672272516746
"76","Nikola Jokic","2019",1210,619,626,0.534591194968553,0.508087535680305,0.0265036592882489,-0.00287081339712925,-0.0035626309308649,0.042111879821717,0.2402,0.713962196567837
"77","Donovan Mitchell","2018",1371,598,698,0.464285714285714,0.433677521842732,0.030608192442982,-0.00377178070548234,-0.00424161670695597,0.0488121802119312,0.2408,0.71395723359678
"78","Kawhi Leonard","2020",1139,537,583,0.5,0.468230694037146,0.0317693059628544,-0.00270834411495796,-0.00337174815478403,0.0489600321683417,0.2446,0.717749816765054
"79","Blake Griffin","2019",1349,623,702,0.488372093023256,0.459016393442623,0.0293556995806328,-0.00219219002192189,-0.00316244755362766,0.0454929042951028,0.2456,0.714796024525543
"80","Terry Rozier","2022",1168,519,584,0.474747474747475,0.441534144059869,0.0332133306876057,-0.0016670940786446,-0.00248377353830928,0.0516810886338267,0.25,0.690718890982306
"81","Kyrie Irving","2018",1103,540,550,0.515384615384615,0.486125385405961,0.0292592299786544,-0.00177505112474441,-0.00351862622639897,0.04699054564123,0.2502,0.69754151090967
"82","Marc Gasol","2018",1033,434,500,0.452054794520548,0.417708333333333,0.0343464611872146,-0.00372875476933748,-0.00535446640265394,0.0586240557418937,0.2512,0.677212231181364
"83","Jaylen Brown","2022",1217,576,619,0.5,0.470319634703196,0.0296803652968037,-0.00300010714668381,-0.00289315092227206,0.0458342629802877,0.2568,0.710680484446425
"84","Darius Garland","2023",1126,520,573,0.487603305785124,0.458706467661692,0.0288968381234324,-0.00427393541404897,-0.00457486674885887,0.0501189008039264,0.257,0.667845949041026
"85","Kevin Durant","2019",1398,731,705,0.542105263157895,0.519867549668874,0.0222377134890206,-0.00238391376451075,-0.00239214810551261,0.0384134736949907,0.2588,0.641177670889604
"86","LaMarcus Aldridge","2018",1348,687,676,0.530054644808743,0.506437768240343,0.0236168765683998,-0.00145757965314386,-0.00250225098776651,0.040830471266946,0.2594,0.639696940684369
"87","Zach LaVine","2019",1134,530,557,0.492063492063492,0.464285714285714,0.0277777777777777,-0.00273477812177503,-0.00332355855202706,0.0489812143981855,0.2618,0.634964582073673
"88","Taurean Prince","2018",981,418,478,0.454545454545455,0.423672566371681,0.0308728881737731,-0.00546670543762723,-0.00658778546513403,0.0590753948099194,0.2684,0.63411634842967
"89","Kyrie Irving","2017",1432,679,706,0.493827160493827,0.471653543307087,0.0221736171867405,-0.00258761873566987,-0.00322447692015955,0.0435287596823438,0.273,0.583478470148142
"90","Zach Randolph","2017",962,433,472,0.477272727272727,0.447368421052632,0.0299043062200957,-0.00334026426990408,-0.00432770896287488,0.0558478663315346,0.2744,0.612951173098648
"91","Jordan Clarkson","2017",1068,476,534,0.473684210526316,0.442959917780062,0.0307242927462541,-0.00273654916512062,-0.00340242912973266,0.0535543923474898,0.2754,0.637234788410148
"92","Dejounte Murray","2022",1252,580,654,0.486725663716814,0.460930640913082,0.0257950228037325,-0.00327046152978661,-0.00431645567647613,0.0475528841760179,0.2754,0.633220865610389
"93","Jaren Jackson Jr.","2025",1138,556,566,0.510948905109489,0.485514485514486,0.0254344195950036,-0.00240240240240236,-0.0031557067662347,0.0469309188447689,0.277,0.609195964302435
"94","Andrew Wiggins","2017",1567,709,792,0.472602739726027,0.450387051372273,0.0222156883537544,-0.003462563246869,-0.00333434373670467,0.0433912707255826,0.2776,0.588828851131001
"95","Jordan Poole","2022",1058,474,546,0.473118279569892,0.44559585492228,0.0275224246476127,-0.00285769083237442,-0.00456667319310828,0.0540851910342643,0.2788,0.593306545231426
"96","Paolo Banchero","2023",1121,479,540,0.452380952380952,0.42526518804243,0.0271157643385223,-0.00407676584147171,-0.00517952778207171,0.0551708005660765,0.2806,0.585369285731405
"97","Dennis Schroder","2017",1216,548,628,0.476190476190476,0.448244824482448,0.0279456517080279,-0.00122655660807369,-0.00235424085894319,0.0504547646997011,0.2808,0.600535801669304
"98","Stephen Curry","2024",1462,656,730,0.46969696969697,0.446616541353383,0.0230804283435863,-0.00293642636910879,-0.00320139775702234,0.0458717540617841,0.2838,0.572941380554359
"99","LeBron James","2022",1245,651,652,0.540372670807453,0.520295202952029,0.020077467855424,-0.0019360269360269,-0.00346817372015282,0.0409537527276588,0.2856,0.574932454472599
"100","Dejounte Murray","2021",974,441,481,0.478723404255319,0.45,0.0287234042553192,-0.00245168195338069,-0.00382801854062957,0.0557797325261994,0.2878,0.583570793937736
"101","Scottie Barnes","2023",1016,463,495,0.479591836734694,0.453159041394335,0.0264327953403584,-0.00339447968455336,-0.00498170486981515,0.0545732201321902,0.2892,0.575639482773412
"102","Eric Gordon","2017",1014,412,508,0.433333333333333,0.40461215932914,0.0287211740041929,-0.00296980696254745,-0.0043299056131903,0.0621234125062668,0.2942,0.532022924755608
"103","DeMarcus Cousins","2016",1312,583,640,0.466101694915254,0.442211055276382,0.0238906396388723,-0.00104821802935007,-0.00313338667359597,0.0487736865299406,0.295,0.554069791215784
"104","Carmelo Anthony","2017",1399,606,693,0.453781512605042,0.43125,0.022531512605042,-0.00363847361594649,-0.0043690987469431,0.0483055382983258,0.2952,0.556884620265529
"105","Paul George","2018",1338,575,640,0.45045045045045,0.427872860635697,0.0225775898147537,-0.00286835748792275,-0.00404020240211757,0.0502617709198458,0.3028,0.529583254424512
"106","Kemba Walker","2016",1321,557,648,0.445544554455446,0.419672131147541,0.0258724233079046,-0.00178542178542179,-0.00326482236382744,0.0517895759276144,0.303,0.56260830775013
"107","Terrence Ross","2019",1027,440,493,0.452380952380952,0.426299045599152,0.0260819067818007,-0.00406363975761753,-0.00566968827994534,0.0578403013564951,0.3032,0.548952794454633
"108","RJ Barrett","2021",1060,467,531,0.460674157303371,0.438722966014418,0.0219511912889527,-0.00412281012628318,-0.00597066091629815,0.054419965472044,0.3124,0.513081034929993
"109","Karl-Anthony Towns","2022",1221,646,615,0.543478260869565,0.526518804243009,0.0169594566265565,-0.00246565692145118,-0.00346701365756988,0.0401727050064849,0.3126,0.508466389824361
"110","Lou Williams","2017",998,427,492,0.451219512195122,0.425764192139738,0.025455320055384,-0.00281363160351766,-0.00457714025643497,0.0586112219000872,0.3152,0.512401197897126
"111","Evan Fournier","2019",1069,468,531,0.457446808510638,0.435897435897436,0.0215493726132024,-0.00439893448031475,-0.00563520930005863,0.0551291114557152,0.3166,0.493107565049334
"112","Michael Porter Jr.","2025",955,476,491,0.516949152542373,0.495818399044205,0.0211307534981673,-0.00300550842346509,-0.00312077083226166,0.0496827211674595,0.3168,0.488127939866404
"113","CJ McCollum","2023",1344,587,677,0.455445544554455,0.435237329042639,0.0202082155118167,-0.0034147358432241,-0.00387950210212366,0.049463677631255,0.323,0.486977895042722
"114","Josh Jackson","2018",930,388,450,0.439393939393939,0.415509259259259,0.0238846801346801,-0.00483330587136815,-0.00652595655753934,0.0630064783216031,0.3234,0.482658886868663
"115","Michael Porter Jr.","2021",817,443,409,0.557251908396947,0.53935860058309,0.0178933078138562,-0.00320451603319116,-0.00491764024614629,0.0473277467925266,0.3252,0.481978323624833
"116","Terry Rozier","2023",1189,493,592,0.433734939759036,0.413200723327306,0.0205342164317305,-0.00537048737445261,-0.00549880208216039,0.0556535483610629,0.3258,0.467769248871551
"117","Kristaps Porzingis","2023",1018,507,499,0.514705882352941,0.49546485260771,0.0192410297452314,-0.00232026875699887,-0.00329743961201848,0.0479754307335223,0.3274,0.46979191249869
"118","Jaren Jackson Jr.","2022",1036,430,519,0.434782608695652,0.413650465356774,0.0211321433388786,-0.00519244151812004,-0.00573016924415398,0.0592159648462224,0.3282,0.453632945993385
"119","Julius Randle","2021",1324,604,696,0.472222222222222,0.454769736842105,0.017452485380117,-0.0033026743162432,-0.00403971575639175,0.0471994117491136,0.3288,0.455348919404961
"120","Jrue Holiday","2023",1026,491,499,0.495798319327731,0.476295479603087,0.019502839724644,-0.00076573389293294,-0.00306040913910414,0.0505367842408157,0.3298,0.446471796785303
"121","Spencer Dinwiddie","2023",1050,460,533,0.457831325301205,0.436401240951396,0.0214300843498087,-0.00211430606249441,-0.00398454068557978,0.0558192337890496,0.332,0.455302291167855
"122","Jaren Jackson Jr.","2024",1161,516,566,0.462264150943396,0.442654028436019,0.0196101225073773,-0.0035827362106316,-0.00425542332534547,0.051521742665795,0.335,0.463213094082063
"123","Kentavious Caldwell-Pope","2016",949,392,473,0.434782608695652,0.411363636363636,0.0234189723320158,-0.00498893130995537,-0.00594269099803151,0.0631730911960625,0.336,0.464781171447209
"124","James Harden","2017",1541,678,810,0.455357142857143,0.438768369489153,0.0165887733679896,-0.00178720479206562,-0.0028545210708035,0.0453676454662812,0.338,0.428571821150472
"125","Tim Hardaway Jr.","2020",884,384,407,0.45679012345679,0.432129514321295,0.0246606091354949,-0.000195414278269912,-0.00248591673701789,0.0608637669808098,0.3384,0.446021125854272
"126","De'Aaron Fox","2025",1162,539,573,0.479674796747967,0.461982675649663,0.0176921210983044,-0.00257637099742358,-0.0035090116881791,0.04990544930518,0.3386,0.424826007613619
"127","Ja Morant","2023",1218,569,629,0.481132075471698,0.465827338129496,0.0153047373422017,-0.00320565510438925,-0.00460775369812776,0.0473391664967467,0.3408,0.420634593169229
"128","CJ McCollum","2019",1243,571,635,0.473684210526316,0.45792736935341,0.0157568411729057,-0.00374955277280858,-0.00418417466485214,0.0483442217409847,0.3412,0.412479819089784
"129","Damian Lillard","2018",1428,630,733,0.458333333333333,0.43960244648318,0.0187308868501529,-0.00128933231005374,-0.00191275779553695,0.0464852448645445,0.3424,0.444090263606104
"130","Tim Hardaway Jr.","2021",911,407,432,0.462365591397849,0.444987775061125,0.0173778163367247,-0.00541226215644819,-0.00649754876439989,0.0577015594274556,0.3428,0.413773307654563
"131","Chris Paul","2021",885,442,440,0.514563106796116,0.497442455242967,0.0171206515531497,-0.0043478260869565,-0.00432553874293478,0.0517279242642725,0.345,0.41459599628468
"132","Dirk Nowitzki","2016",1104,490,553,0.459183673469388,0.44234592445328,0.0168377490161075,-0.00422310756972111,-0.00478796624964312,0.0529854673604711,0.3518,0.408144276969879
"133","Zach LaVine","2021",1133,574,601,0.519083969465649,0.50499001996008,0.014093949505569,-0.00357420357420357,-0.00394567726303608,0.0445430594174459,0.352,0.404992988908606
"134","Jamal Murray","2019",1173,513,602,0.452380952380952,0.436179981634527,0.0162009707464253,-0.00237350026082422,-0.00338740216522533,0.0524501456092677,0.3544,0.373466511562734
"135","Cade Cunningham","2025",1412,661,707,0.480263157894737,0.466666666666667,0.0135964912280702,-0.00265099872319247,-0.0033451954529888,0.0432056106488653,0.3606,0.392117746436802
"136","Khris Middleton","2016",1134,497,555,0.452631578947368,0.436958614051973,0.0156729648953954,-0.00321875175236919,-0.00431914106113147,0.0531152292075364,0.364,0.376391220649957
"137","Damian Lillard","2019",1550,687,787,0.455284552845528,0.44218640504555,0.0130981477999783,-0.00131379069671961,-0.00287902383980007,0.045634788568658,0.3716,0.350109470009718
"138","Derrick Rose","2017",977,460,483,0.481818181818182,0.469434832756632,0.0123833490615498,-0.0026631712543953,-0.00486396892503601,0.0528582979826139,0.3738,0.326293479829009
"139","Jaylen Brown","2020",887,427,468,0.493827160493827,0.48014888337469,0.0136782771191373,-0.00448128540912046,-0.00564520820163933,0.053165143765772,0.3758,0.363461545517671
"140","James Harden","2018",1467,656,746,0.458015267175573,0.446107784431138,0.0119074827444348,-0.00298284862043252,-0.00381600571624686,0.0460331349031884,0.3766,0.341568926247354
"141","Jalen Green","2023",1358,566,642,0.428571428571429,0.415873015873016,0.0126984126984127,-0.00401813311353799,-0.00455727823402766,0.0515556849380357,0.3778,0.334700061752254
"142","Pascal Siakam","2025",1100,580,582,0.536764705882353,0.525933609958506,0.0108310959238467,-0.00302719208191848,-0.00358052870607959,0.0432205705721948,0.38,0.333443645910536
"143","Victor Oladipo","2017",929,412,475,0.457142857142857,0.442374854481956,0.0147680026609014,-0.00153982077495901,-0.0036803939948258,0.0587131047606188,0.3848,0.314212589011325
"144","CJ McCollum","2021",884,405,441,0.470588235294118,0.456821026282854,0.013767209011264,-0.00268889063605632,-0.0043329232563097,0.0566401408056463,0.3856,0.319563687697779
"145","Giannis Antetokounmpo","2016",984,485,496,0.50381679389313,0.491207502930832,0.0126092909622973,-0.00240994419076607,-0.00491683094986454,0.0498900386766502,0.3884,0.351295015539135
"146","RJ Barrett","2023",1177,510,571,0.442307692307692,0.432432432432432,0.00987525987525983,-0.00347180891163751,-0.00473349167793897,0.053539084199087,0.396,0.272861438923304
"147","Kyrie Irving","2019",1253,610,623,0.496402877697842,0.485637342908438,0.0107655347894037,-0.00125786163522013,-0.00191868286326789,0.0439077410579312,0.3966,0.288883402950205
"148","Mike Conley","2017",1009,464,509,0.470588235294118,0.458654906284454,0.0119333290096634,-0.00266248110684802,-0.00325015905036844,0.0535113819504815,0.3982,0.283743149711259
"149","Mikal Bridges","2024",1295,564,639,0.444444444444444,0.434709351305813,0.00973509313863147,-0.00235131396957122,-0.00374425977324123,0.0507064040222198,0.4028,0.265831371239932
"150","Victor Wembanyama","2024",1186,551,599,0.473214285714286,0.463687150837989,0.00952713487629686,-0.00255066387141856,-0.00250216121399866,0.0482323138302862,0.4028,0.249403255515021
"151","Nikola Joki","2020",1062,558,528,0.531645569620253,0.524336283185841,0.00730928643441242,-0.00297676826506177,-0.00372136459208653,0.0434050402258774,0.4034,0.254132952511876
"152","Karl-Anthony Towns","2019",1322,686,674,0.525714285714286,0.517872711421098,0.00784157429318721,-0.00192238375585718,-0.00232742575840107,0.0400485280528939,0.4054,0.253916948911521
"153","Fred VanVleet","2024",1018,423,497,0.426666666666667,0.414634146341463,0.0120325203252033,-0.00314332259172848,-0.0047257386092174,0.0604202439768202,0.4074,0.277361656150377
"154","Paul George","2021",961,451,468,0.477477477477477,0.468235294117647,0.0092421833598304,-0.00367755222124155,-0.00470407875633371,0.0533412946845588,0.4078,0.26145338613615
"155","Kemba Walker","2017",1456,646,702,0.451612903225806,0.442942942942943,0.00866996028286349,-0.00276292335115869,-0.00297399829900129,0.0455562471347306,0.408,0.255595210628924
"156","Jayson Tatum","2024",1438,680,764,0.48062015503876,0.472116119174943,0.00850403586381698,-0.00173033607303213,-0.00306577013523927,0.0441818951660898,0.4084,0.261867580726511
"157","Jimmy Butler","2018",921,437,469,0.483516483516484,0.473493975903614,0.010022507612869,-0.00151940158952779,-0.00353211573918728,0.0535319475540062,0.413,0.253206243587189
"158","Will Barton","2018",1029,465,512,0.459183673469388,0.451127819548872,0.00805585392051561,-0.00322234156820622,-0.00407471833875772,0.0533509074093499,0.4222,0.227373307190412
"159","Ja Morant","2022",1183,583,591,0.5,0.491881566380134,0.00811843361986631,-0.000439696681371282,-0.00236362296945299,0.0449343561985562,0.4254,0.233274880872914
"160","LaMarcus Aldridge","2016",1021,510,530,0.504065040650406,0.498886414253898,0.0051786263965089,-0.00381679389312978,-0.00347668608856552,0.0478494339793058,0.4276,0.18088641317717
"161","Carmelo Anthony","2018",1152,464,558,0.410958904109589,0.402224281742354,0.00873462236723499,-0.00297121634168984,-0.00430468359035949,0.0590359545096184,0.4278,0.220870587524253
"162","Tobias Harris","2020",1173,553,592,0.47787610619469,0.470754716981132,0.0071213892135582,-0.00150543900543904,-0.00321230082557876,0.047901387738988,0.428,0.215728406355253
"163","Kristaps Porzingis","2020",932,398,458,0.433333333333333,0.426605504587156,0.00672782874617739,-0.0048747771179925,-0.00576435764611778,0.0613785568097932,0.4302,0.20352688368036
"164","Eric Bledsoe","2018",991,468,488,0.476635514018692,0.471719457013575,0.00491605700511694,-0.00387569832402235,-0.00394170914613741,0.0527389309700053,0.4326,0.167954981042223
"165","Jamal Murray","2020",882,403,440,0.461538461538462,0.456467661691542,0.00507079984691927,-0.0050125313283208,-0.00579911672943098,0.0570370228434847,0.4336,0.190576506880073
"166","Brandon Miller","2024",1084,476,576,0.444444444444444,0.438735177865613,0.00570926657883175,-0.00414532179238059,-0.00557385082019929,0.0550341291588054,0.4336,0.205020367751667
"167","Tyler Herro","2025",1268,594,663,0.474137931034483,0.467881944444444,0.00625598659003834,-0.00145856325065991,-0.00242507672982054,0.0461563253864771,0.4342,0.188079602246722
"168","Kevin Durant","2024",1449,758,685,0.526548672566372,0.522485690923957,0.00406298164241425,-0.00161030595813205,-0.00204579951721307,0.0374823097669551,0.4384,0.162977713956489
"169","Buddy Hield","2022",1097,446,531,0.412698412698413,0.406189555125725,0.00650885757268732,-0.0038110418779887,-0.00468528065924034,0.0592026626923828,0.439,0.189081668338001
"170","CJ McCollum","2025",972,428,486,0.444444444444444,0.439955106621773,0.00448933782267114,-0.00481844777146789,-0.00576043588548379,0.0580423074922534,0.4428,0.176591423583959
"171","Zach LaVine","2022",1192,570,631,0.482758620689655,0.477695167286245,0.00506345340340986,-0.00182095864661652,-0.0026051135649608,0.0471315066868941,0.445,0.162705746271062
"172","Luka Doncic","2020",1271,590,655,0.466666666666667,0.463944396177237,0.00272227048942947,-0.00431136064323839,-0.00457813219566735,0.0469987467245931,0.4456,0.155331858695643
"173","Dwyane Wade","2017",956,414,472,0.436619718309859,0.432768361581921,0.00385135672793824,-0.00326443140333171,-0.00519674897472823,0.0589314716956026,0.446,0.15353605539333
"174","LaMarcus Aldridge","2017",1049,500,539,0.480392156862745,0.476240760295671,0.00415139656707458,-0.00209463051568315,-0.00296212587360512,0.0497058213752231,0.4466,0.143112461354991
"175","Kyle Kuzma","2023",1141,512,573,0.451923076923077,0.448408871745419,0.00351420517765744,-0.003493907083016,-0.004569005042021,0.0510943490170674,0.4478,0.158201648033099
"176","Stephen Curry","2019",1363,638,693,0.472868217054264,0.467585089141005,0.00528312791325869,-0.000511355621385268,-0.00222553961717678,0.0443254436956086,0.4492,0.16939858700567
"177","Dwyane Wade","2016",1165,524,574,0.452830188679245,0.449480642115203,0.00334954656404229,-0.00371387871387868,-0.00478640410276433,0.0510894912831013,0.4494,0.159249005274353
"178","Paul George","2019",1626,714,810,0.441860465116279,0.438877755511022,0.00298270960525704,-0.0022654445189656,-0.00317504082237553,0.044935935760722,0.4494,0.137033986794484
"179","Tobias Harris","2018",1211,557,597,0.463414634146341,0.459558823529412,0.00385581061692974,-0.00257416223424878,-0.00365202669390667,0.0488655230603698,0.4496,0.15364283119534
"180","Kemba Walker","2020",907,387,438,0.428571428571429,0.426506024096386,0.002065404475043,-0.00517126334519574,-0.00657893049431193,0.0620977928080808,0.45,0.139205188758819
"181","Buddy Hield","2018",929,414,425,0.45,0.445114595898673,0.00488540410132693,-0.00131027253668764,-0.00294390110960574,0.0580424999569691,0.451,0.134889179768912
"182","Kevin Durant","2018",1216,628,627,0.52,0.515947467166979,0.00405253283302065,-0.00128175997296653,-0.00210816729859476,0.0421357064157935,0.4522,0.146210913632772
"183","D'Angelo Russell","2024",1095,498,531,0.457943925233645,0.454453441295547,0.00349048393809831,-0.00317278584180702,-0.00423355898538603,0.0526267323044754,0.453,0.14677033107046
"184","Pascal Siakam","2024",1272,681,633,0.537688442211055,0.534948741845294,0.00273970036576165,-0.0016252272753583,-0.00248609144404212,0.0383197622903748,0.4552,0.136373283586793
"185","JJ Redick","2019",1028,452,487,0.442105263157895,0.439442658092176,0.00266260506571897,-0.00387261378650505,-0.004613113260878,0.0564111500673313,0.4588,0.128976599801862
"186","Anthony Davis","2024",1312,732,650,0.559471365638767,0.557603686635945,0.00186767900282181,-0.00157804459691258,-0.00182638121474515,0.0364711118404482,0.4624,0.101287293727911
"187","Nikola Vucevic","2017",1033,483,539,0.46875,0.467449306296692,0.00130069370330843,-0.00368388397704356,-0.00473261849503271,0.0512813396146552,0.4632,0.117651220574139
"188","Reggie Jackson","2016",1236,533,599,0.43298969072165,0.431079894644425,0.00190979607722458,-0.00288727090133067,-0.00375642260823932,0.0520484055141855,0.4658,0.108864404768742
"189","Klay Thompson","2017",1386,649,688,0.469387755102041,0.468119451170299,0.00126830393174221,-0.0027639408469492,-0.0029663080033943,0.0441624275794957,0.4704,0.095887209268872
"190","Stephon Castle","2025",895,386,448,0.430769230769231,0.431325301204819,-0.000556070435588474,-0.00294372294372297,-0.00524312084038119,0.0621492678996926,0.4762,0.0754160195797881
"191","Klay Thompson","2018",1171,567,605,0.484615384615385,0.484149855907781,0.000465528707603635,-0.00277428736816837,-0.0035198418237271,0.0461162759351858,0.4768,0.0864200426099449
"192","Kendrick Nunn","2020",925,408,462,0.44047619047619,0.441141498216409,-0.000665307740218557,-0.00388369447937928,-0.00509834829920637,0.0579020671264409,0.4792,0.0765610068688458
"193","Victor Oladipo","2016",961,418,474,0.435897435897436,0.434881087202718,0.00101634869471789,-0.00274231390353147,-0.00374657890537433,0.0592029740402189,0.48,0.0804508164886545
"194","James Harden","2020",1523,675,750,0.442857142857143,0.443239334779465,-0.000382191922322084,-0.00246486023058007,-0.00366899388493398,0.0452532435745653,0.4826,0.0726313011617858
"195","Jordan Clarkson","2022",1113,466,565,0.416666666666667,0.418828049951969,-0.00216138328530258,-0.00437652291168888,-0.00508794363919955,0.0571900155060946,0.4826,0.0511725749328587
"196","Kawhi Leonard","2024",1165,612,577,0.526627218934911,0.525100401606426,0.00152681732848559,-0.000215304769567215,-0.00128954614002699,0.0423147869558843,0.4834,0.0665574299463873
"197","Anfernee Simons","2023",1043,466,519,0.444444444444444,0.446985446985447,-0.00254100254100259,-0.0038469083062706,-0.00551180326936538,0.054633563483061,0.4866,0.0543768434450349
"198","Bam Adebayo","2023",1116,604,565,0.541176470588235,0.54122621564482,-4.97450565850599e-05,-0.00133545932317536,-0.00257907098385064,0.0408640983317473,0.4884,0.0618960415260295
"199","Jalen Brunson","2025",1190,581,632,0.487394957983193,0.488328664799253,-0.000933706816059754,-0.00263412536286417,-0.00254455132157805,0.0452761323628168,0.4888,0.0355782267930908
"200","De'Aaron Fox","2022",1092,516,589,0.471910112359551,0.472582253240279,-0.000672140880728589,-0.00217641013239828,-0.00356177746551497,0.0492528944615881,0.4892,0.0586693760107843
"201","Shai Gilgeous-Alexander","2024",1503,808,748,0.537444933920705,0.537617554858934,-0.00017262093822934,-0.00131458889527225,-0.00221118485868033,0.0352722392795629,0.4892,0.057795137538437
"202","Domantas Sabonis","2021",906,485,471,0.534351145038168,0.535483870967742,-0.00113272592957403,-0.00174109270589151,-0.00306564497318946,0.0467466279257579,0.4962,0.0413488443847812
"203","Saddiq Bey","2022",1136,450,545,0.391304347826087,0.396438612933458,-0.00513426510737131,-0.00583022388059701,-0.00678145596184409,0.0600899242595272,0.4978,0.0274120973652521
"204","Miles Bridges","2022",1213,596,634,0.488888888888889,0.49165120593692,-0.00276231704803137,-0.00294486215538847,-0.00385510174034652,0.0439579127953911,0.4994,0.0248597948087681
"205","Zach LaVine","2025",1113,575,567,0.513698630136986,0.517063081695967,-0.00336445155898057,-0.00313897488820092,-0.00318966370544574,0.0435108135802214,0.5024,-0.00401711296922943
"206","Alperen Sengun","2025",1042,520,535,0.49618320610687,0.499451152579583,-0.00326794647271267,-0.00326794647271267,-0.00355100013071281,0.047799425742517,0.5026,0.0059216957861561
"207","Jordan Clarkson","2018",954,430,474,0.445945945945946,0.451136363636364,-0.00519041769041767,-0.00403438705746967,-0.00478914521559285,0.0563319115377348,0.5078,-0.00712335981277723
"208","Fred VanVleet","2022",1101,444,525,0.397435897435897,0.403714565004888,-0.00627866756899015,-0.00350877192982452,-0.00492590834946592,0.0607604002789668,0.5128,-0.022263829950319
"209","Brook Lopez","2017",1173,555,608,0.468468468468468,0.473634651600753,-0.00516618313228484,-0.00338298880956139,-0.00391293236859144,0.0487332344550747,0.5168,-0.0257165521169896
"210","Pascal Siakam","2022",1207,596,634,0.48936170212766,0.49437148217636,-0.00500978004870067,-0.00411132194813413,-0.00403361551100118,0.0442008751768018,0.517,-0.0220847332500741
"211","Devin Booker","2021",1287,623,644,0.47972972972973,0.484635645302897,-0.00490591557316755,-0.00259600126943826,-0.00379335447035579,0.0446895177598874,0.5176,-0.0248953481393434
"212","Jaylen Brown","2021",1122,546,544,0.481751824817518,0.487309644670051,-0.00555781985253251,-0.00282080703767451,-0.00437489666892294,0.0474111780602972,0.518,-0.0249503014269154
"213","Luka Doncic","2021",1358,650,725,0.473214285714286,0.479133226324238,-0.00591894060995185,-0.00348787015453683,-0.00408009211472732,0.0434606108143997,0.5186,-0.0423106914690502
"214","Russell Westbrook","2017",1966,840,949,0.423076923076923,0.427624309392265,-0.00454738631534213,-0.0018653453803556,-0.00309053357183432,0.0424192009659079,0.5224,-0.0343441816520466
"215","Jayson Tatum","2022",1574,712,800,0.449275362318841,0.452646239554318,-0.00337087723547697,-0.000818386414785544,-0.00203426750134951,0.0429526293468669,0.5228,-0.0311182284868658
"216","Nikola Jokic","2018",1008,504,507,0.496,0.500566251415628,-0.0045662514156285,0,-0.00299249723643567,0.0476871134843066,0.528,-0.0330016657374478
"217","Jaylen Brown","2025",1068,493,547,0.455445544554455,0.462254395036194,-0.00680885048173896,-0.00297829196719149,-0.00437156992310745,0.0510529941909533,0.531,-0.0477402079399174
"218","Gary Trent Jr.","2022",1086,450,537,0.405405405405405,0.41501976284585,-0.00961435744044437,-0.00442612942612947,-0.00579247236699071,0.0589434019842981,0.5368,-0.0648399132861684
"219","Anthony Edwards","2024",1561,720,820,0.455223880597015,0.461807988787666,-0.00658410819065153,-0.00207071938251757,-0.00278331520243937,0.0427161621223132,0.5402,-0.0889778669096955
"220","Jerami Grant","2021",931,400,460,0.418918918918919,0.430571761960327,-0.0116528430414078,-0.00541239582335473,-0.00662562002305991,0.0606570774115378,0.5404,-0.0828794137943685
"221","Buddy Hield","2023",1037,474,525,0.45,0.457844183564568,-0.00784418356456779,-0.00181941271050179,-0.00384317259862492,0.0523332091326679,0.5464,-0.0764526202817041
"222","Bojan Bogdanovic","2019",1049,522,536,0.491666666666667,0.498385360602799,-0.00671869393613206,-0.0017678104770526,-0.00309643407437278,0.0466756822198495,0.5494,-0.077604861664322
"223","Jayson Tatum","2025",1378,629,714,0.447368421052632,0.457278481012658,-0.00991005996002664,-0.00367499999999998,-0.00430556022894822,0.0451359925240627,0.55,-0.124169192204881
"224","Wilson Chandler","2017",939,433,483,0.452380952380952,0.461988304093567,-0.00960735171261484,-0.00311387900355875,-0.00481517468479685,0.0559582851086527,0.5516,-0.085638382565033
"225","DeMar DeRozan","2025",1175,571,598,0.477272727272727,0.48705656759348,-0.00978384032075308,-0.0029225908372828,-0.00432345608330094,0.0466895968307035,0.5552,-0.116950768653058
"226","Goran Dragic","2017",1127,534,582,0.465346534653465,0.474658869395712,-0.00931233474224613,-0.00308068941721573,-0.00374037289532712,0.0490054459249489,0.5558,-0.113700870214555
"227","Ja Morant","2021",957,430,474,0.438202247191011,0.450460829493088,-0.0122585823020763,-0.00405880874591608,-0.00566037268628334,0.0567653823917248,0.559,-0.116236504323361
"228","Coby White","2021",902,375,471,0.403846153846154,0.416470588235294,-0.0126244343891402,-0.00212074530001594,-0.00477713039801014,0.0640687608635146,0.561,-0.122482531039537
"229","Brandon Ingram","2024",1017,500,533,0.480769230769231,0.492880613362541,-0.0121113825933103,-0.00458419421487605,-0.00545149804843309,0.0488183707654677,0.5612,-0.136421687992672
"230","Tyler Herro","2023",1109,487,560,0.428571428571429,0.44007858546169,-0.011507156890261,-0.0032386542291164,-0.00377693854091551,0.052805130046977,0.5628,-0.146391427167559
"231","De'Aaron Fox","2019",1105,506,573,0.447916666666667,0.458870168483647,-0.0109535018169805,-0.00374600274097764,-0.00461620344677372,0.0515271598473019,0.5632,-0.122989475627748
"232","Joel Embiid","2023",1347,742,680,0.544186046511628,0.552120141342756,-0.00793409483112828,-0.00209499427553739,-0.00249633350093825,0.0372009670423189,0.5676,-0.146172579976326
"233","Tyrese Haliburton","2024",1076,519,526,0.471544715447154,0.483735571878279,-0.0121908564311246,-0.00376702405099971,-0.00462701584827893,0.0485309466522917,0.5678,-0.155856028052329
"234","Brandon Ingram","2020",1100,508,516,0.45,0.463265306122449,-0.013265306122449,-0.00262345257289642,-0.00440862042413188,0.051253198934004,0.573,-0.172802593448291
"235","John Wall","2017",1445,653,740,0.440677966101695,0.452901281085154,-0.0122233149834596,-0.00290520386325582,-0.00325779903950856,0.046191793603652,0.5808,-0.194093262991247
"236","Nikola Vucevic","2022",1154,546,569,0.463414634146341,0.474296799224054,-0.0108821650777128,-0.00127502429543247,-0.00306799685134395,0.0482157765090386,0.5828,-0.162066626157188
"237","Gordon Hayward","2017",1162,549,578,0.461538461538462,0.473837209302326,-0.012298747763864,-0.00261339218305356,-0.00327076196076864,0.0482094004665602,0.5832,-0.187266087437812
"238","Eric Bledsoe","2017",1037,449,529,0.418918918918919,0.434060228452752,-0.0151413095338329,-0.00281440765307467,-0.00519543656461468,0.0569398595753354,0.5898,-0.174673296411263
"239","Keldon Johnson","2023",1106,498,535,0.435185185185185,0.45190380761523,-0.0167186224300453,-0.00323641765704585,-0.00438995639121748,0.0531940314674966,0.5926,-0.231767844976387
"240","Rodney Hood","2016",965,402,451,0.397058823529412,0.418060200668896,-0.0210013771394846,-0.00518066758475966,-0.00749067704577873,0.0622564811981755,0.596,-0.217016764097194
"241","Fred VanVleet","2021",870,338,412,0.36734693877551,0.389768574908648,-0.0224216361331377,-0.00555555555555554,-0.00829887728141562,0.0716989439277559,0.5968,-0.196973038625956
"242","Jrue Holiday","2021",824,414,431,0.488372093023256,0.504065040650406,-0.0156929476271507,-0.0027932960893855,-0.00568977281719484,0.0519909789886618,0.6,-0.192402124455809
"243","Devin Booker","2022",1440,671,710,0.453333333333333,0.467441860465116,-0.014108527131783,-0.00243772123155012,-0.00294198673306636,0.0436576242578171,0.6008,-0.255775264654196
"244","Luka Doncic","2023",1454,721,767,0.484276729559748,0.497297297297297,-0.0130205677375489,-0.00198827194429174,-0.0030652818721041,0.0400910022369164,0.602,-0.24831721109426
"245","Damian Lillard","2021",1354,613,703,0.439655172413793,0.453957996768982,-0.0143028243551891,-0.00210240579093041,-0.00324320401331825,0.0469351391553005,0.603,-0.235636253368217
"246","LeBron James","2025",1176,603,603,0.5,0.514563106796116,-0.0145631067961165,-0.00323695687287995,-0.00279208211724048,0.0424190829983005,0.6034,-0.277493614827733
"247","D'Angelo Russell","2019",1522,661,759,0.421052631578947,0.435369318181818,-0.0143166866028708,-0.00160221945029898,-0.00327376837610389,0.0465440570120447,0.6048,-0.237257319960511
"248","Devonte' Graham","2020",970,371,478,0.36,0.383695652173913,-0.0236956521739131,-0.00492492492492491,-0.00605360423671866,0.0679177328046317,0.6054,-0.25975613744267
"249","Kevin Durant","2017",1042,560,529,0.526666666666667,0.539237668161435,-0.0125710014947683,-0.00173507723299293,-0.0027742985393213,0.0421408367292228,0.607,-0.232475283260179
"250","Norman Powell","2021",918,438,457,0.460674157303371,0.478890229191797,-0.0182160718884266,-0.00383705314318605,-0.00500986357748613,0.0524994328024077,0.609,-0.251549542652102
"251","Austin Reaves","2025",951,435,476,0.440860215053763,0.459207459207459,-0.0183472441536958,-0.00423718583258892,-0.00485480925362562,0.0546944240415941,0.6092,-0.246687576229149
"252","Kevin Durant","2022",1114,578,534,0.50625,0.520964360587002,-0.0147143605870022,-0.00291091115599895,-0.00360982758921627,0.0433922934855036,0.6142,-0.255910257463014
"253","Stephen Curry","2016",1598,799,818,0.488888888888889,0.501410437235543,-0.0125215483466541,-0.0027749125676797,-0.00218715527321732,0.0376289863625405,0.6172,-0.274639156470201
"254","Jayson Tatum","2023",1590,749,816,0.458064516129032,0.472473867595819,-0.0144093514667866,-0.00215271293702668,-0.00257376238815535,0.0403393725466836,0.6176,-0.293400425723881
"255","DeMar DeRozan","2018",1426,652,735,0.442622950819672,0.458588957055215,-0.0159660062355426,-0.00295068146691024,-0.00345312143019767,0.0449902499951641,0.6232,-0.278124367094869
"256","LaMarcus Aldridge","2019",1321,685,672,0.506024096385542,0.52034632034632,-0.0143222239607782,-0.00173183803096466,-0.00247018590687047,0.0396840369270639,0.624,-0.298660090345416
"257","Andrew Wiggins","2022",1026,479,531,0.448979591836735,0.46875,-0.0197704081632653,-0.00408163265306122,-0.00499582983407838,0.0518078608869127,0.6246,-0.285180242462378
"258","Isaiah Thomas","2016",1377,582,666,0.403846153846154,0.424194815396701,-0.0203486615505469,-0.00286609240407204,-0.00419106751401878,0.0513411222828339,0.6268,-0.314710573475922
"259","Jamal Murray","2023",1041,473,546,0.435294117647059,0.456066945606695,-0.0207728279596358,-0.00203918888129412,-0.00406611696275005,0.053586979884085,0.6344,-0.311768101748303
"260","Darius Garland","2025",1084,515,570,0.457142857142857,0.477017364657814,-0.019874507514957,-0.00318761384335153,-0.00405896208052259,0.048537166701389,0.6344,-0.325844018290869
"261","Collin Sexton","2020",1101,522,564,0.456896551724138,0.476142131979695,-0.0192455802555574,-0.00238524590163935,-0.00329622466480003,0.0491142235278539,0.6374,-0.32474005379953
"262","Nicolas Batum","2017",974,393,486,0.379310344827586,0.405021834061135,-0.0257114892335492,-0.00376106194690262,-0.00546937220106221,0.0648379802591393,0.6384,-0.31219536684494
"263","Franz Wagner","2025",1058,489,527,0.442105263157895,0.46417445482866,-0.0220691916707657,-0.00424462924462926,-0.00490062438967579,0.0514450793660324,0.6386,-0.333726130713792
"264","De'Aaron Fox","2024",1549,720,758,0.448051948051948,0.466666666666667,-0.0186147186147186,-0.00303074958247374,-0.0034948015849259,0.0423828338489447,0.6392,-0.356746249759541
"265","Tyrese Haliburton","2025",917,429,452,0.446808510638298,0.470230862697448,-0.0234223520591505,-0.00299443091819884,-0.00443841604939766,0.0552838829346424,0.642,-0.343390062383931
"266","Scottie Barnes","2025",947,421,488,0.422535211267606,0.44634703196347,-0.0238118206958647,-0.00297112605677552,-0.00438795547694625,0.0578570052794163,0.644,-0.335721925549244
"267","Rudy Gay","2016",994,456,509,0.436781609195402,0.460859977949283,-0.024078368753881,-0.00351524090462146,-0.00499315610571503,0.053773650788723,0.6448,-0.354917554754687
"268","Miles Bridges","2024",1210,559,605,0.442477876106195,0.463992707383774,-0.0215148312775792,-0.00405198776758414,-0.0044293020642431,0.0487300488959391,0.6448,-0.350615884868523
"269","Damian Lillard","2024",1303,555,637,0.405660377358491,0.427736006683375,-0.0220756293248845,-0.00311156733175083,-0.00349688420381876,0.0520344909974569,0.646,-0.357046735058362
"270","Reggie Jackson","2019",1048,442,529,0.397260273972603,0.423589743589744,-0.0263294696171409,-0.00609340759185653,-0.00661106964224618,0.0574054807120458,0.6468,-0.343493334265504
"271","Jordan Poole","2024",1187,491,627,0.389830508474576,0.414893617021277,-0.0250631085467003,-0.00339309812994021,-0.00476325373812185,0.0568591482015106,0.6468,-0.357020030209301
"272","Jusuf Nurkic","2018",951,480,483,0.486725663716814,0.507159904534606,-0.0204342408177921,-0.00536352800953521,-0.00453861928021653,0.0480286257080745,0.6474,-0.330961406936597
"273","Kawhi Leonard","2021",916,468,460,0.491379310344828,0.51375,-0.0223706896551725,-0.00313829128298304,-0.00434330958961198,0.0486903819919742,0.65,-0.370245196854936
"274","Trae Young","2020",1254,550,621,0.42,0.440207972270364,-0.020207972270364,-0.00179172990782217,-0.00182398862420577,0.0513515369545713,0.6508,-0.358002598099874
"275","Tyrese Maxey","2022",995,483,521,0.463917525773196,0.487750556792873,-0.0238330310196772,-0.0037008574664294,-0.00427789713396824,0.0504180961578506,0.6544,-0.387859426989966
"276","Kyrie Irving","2021",1101,559,570,0.489208633093525,0.51039501039501,-0.0211863773014851,-0.00142624007460335,-0.0036511243219786,0.0442872684369384,0.655,-0.395943430208963
"277","CJ McCollum","2024",1054,483,519,0.435643564356436,0.460650577124869,-0.0250070127684332,-0.00310639668373969,-0.00425955805644255,0.0527033492915051,0.6582,-0.393664823790142
"278","Jaylen Brown","2024",1279,642,638,0.484076433121019,0.50445632798574,-0.0203798948647207,-0.00224215246636772,-0.00294859114000092,0.0425170712144429,0.662,-0.409983642495074
"279","Thaddeus Young","2016",952,485,476,0.488,0.512696493349456,-0.0246964933494559,-0.00218033998521805,-0.00448390381149871,0.0481717849413722,0.6626,-0.419593950329162
"280","Tobias Harris","2021",924,473,447,0.491666666666667,0.514925373134328,-0.0232587064676618,-0.00375554796859001,-0.00412353779915208,0.048516680824082,0.6632,-0.394403911056744
"281","Malcolm Brogdon","2021",979,444,470,0.428571428571429,0.456299659477866,-0.0277282309064375,-0.00392491467576789,-0.00585601321462654,0.0560719840612522,0.6642,-0.390073903358192
"282","Franz Wagner","2024",1095,528,557,0.461538461538462,0.484662576687117,-0.023124115148655,-0.00178150127594007,-0.00252748533247364,0.0480089696396195,0.6736,-0.429016285306484
"283","Kelly Oubre Jr.","2020",826,373,448,0.422535211267606,0.454304635761589,-0.0317694244939838,-0.00463157894736843,-0.00657842596820211,0.0608799875883871,0.6738,-0.413781269078098
"284","Trae Young","2022",1557,716,782,0.440789473684211,0.461921708185053,-0.0211322345008429,-0.00168082094833688,-0.00260443162715168,0.0412733634005598,0.6812,-0.44890460449947
"285","Giannis Antetokounmpo","2025",1227,733,628,0.582978723404255,0.600806451612903,-0.017827728208648,-0.0025076138116521,-0.00230774913802253,0.0343154980612546,0.6816,-0.452273169485159
"286","Monta Ellis","2016",1009,425,487,0.391891891891892,0.423529411764706,-0.031637519872814,-0.00247145541263188,-0.00457896579289299,0.0599316790873934,0.6822,-0.451490004818049
"287","Andrew Wiggins","2018",1300,569,665,0.411111111111111,0.439669421487603,-0.0285583103764922,-0.00362492535681541,-0.00481376833886907,0.049989349017771,0.689,-0.474992023384463
"288","DeMar DeRozan","2023",1309,661,688,0.486842105263158,0.507346585998271,-0.0205044807351135,-0.00194791893498092,-0.00167101245068842,0.0405151107297002,0.6896,-0.464850470484311
"289","Derrick Rose","2016",1009,422,511,0.385714285714286,0.420660276890309,-0.0349459911760231,-0.00424463715198536,-0.00655224931751122,0.0596638190707037,0.691,-0.475895480724496
"290","Nikola Vucevic","2025",967,515,463,0.513513513513513,0.536019536019536,-0.0225060225060225,-0.00129845882273072,-0.00266649179733766,0.0442702186127878,0.6916,-0.448146210485485
"291","Anthony Davis","2020",1100,553,576,0.478991596638655,0.505606523955148,-0.0266149273164923,-0.00310559006211175,-0.00318204520014294,0.0455499029840612,0.6938,-0.514444171803155
"292","LaMelo Ball","2022",1265,545,632,0.402061855670103,0.433219178082192,-0.0311573224120887,-0.0040543912175649,-0.0053016665343702,0.0528590820517871,0.695,-0.489143111724626
"293","LeBron James","2023",1228,615,662,0.479674796747967,0.50316742081448,-0.0234926240665121,-0.000933707630073943,-0.00234569160100201,0.0425698896137915,0.6952,-0.496757982164443
"294","Jimmy Butler","2017",1256,572,636,0.429824561403509,0.457968476357268,-0.0281439149537592,-0.0026714091683363,-0.00343096451829415,0.0487541648589242,0.6998,-0.506889011574187
"295","Ja Morant","2020",930,442,492,0.446808510638298,0.478468899521531,-0.0316603888832332,-0.00238948626045399,-0.00341730043607162,0.0531256425005106,0.7044,-0.531628176485398
"296","Fred VanVleet","2023",1111,437,553,0.357142857142857,0.395260663507109,-0.0381178063642518,-0.00288025310410694,-0.00526509974559027,0.0615301058987724,0.7086,-0.533928978973478
"297","Collin Sexton","2021",1105,525,557,0.449152542372881,0.478216818642351,-0.0290642762694692,-0.00401536601924063,-0.00457455268484151,0.0485153299872467,0.7088,-0.50478320133173
"298","Shai Gilgeous-Alexander","2023",1385,708,663,0.489247311827957,0.514595496246872,-0.0253481844189154,-0.00269880681556789,-0.00226520743892517,0.0397719189557437,0.7106,-0.580383788010728
"299","Aaron Gordon","2019",1046,470,505,0.418367346938776,0.45253164556962,-0.0341642986308447,-0.00403336067815152,-0.00564691243507966,0.0535320006973216,0.7124,-0.532716614815256
"300","Jayson Tatum","2021",1334,614,700,0.433628318584071,0.462735462735463,-0.0291071441513919,-0.00137964616133746,-0.00296320767515616,0.0468983098316203,0.7166,-0.557460099737085
"301","Pau Gasol","2016",989,458,536,0.432098765432099,0.465859030837004,-0.0337602654049057,-0.00265917602996252,-0.00372455118441789,0.0529278675276545,0.719,-0.56748392904351
"302","Tobias Harris","2022",1022,493,501,0.452173913043478,0.486218302094818,-0.0340443890513398,-0.00350638249469298,-0.00417255920390252,0.0498268788829563,0.7218,-0.599512361944373
"303","Bam Adebayo","2025",985,479,511,0.457943925233645,0.489749430523918,-0.0318055052902732,-0.00306783427996127,-0.00343494709751616,0.0499455743899447,0.7252,-0.568029470864764
"304","Devin Booker","2024",1319,649,648,0.466666666666667,0.495667244367418,-0.029000577700751,-0.00333469191151947,-0.00390278263134341,0.0435997100024476,0.7266,-0.575641330366615
"305","LaMelo Ball","2025",971,391,474,0.360655737704918,0.405494505494505,-0.0448387677895875,-0.00290178571428568,-0.00612354333291444,0.0648559318383407,0.7284,-0.59694191971791
"306","Harrison Barnes","2017",1281,599,670,0.439252336448598,0.470187393526405,-0.0309350570778073,-0.00217723199468967,-0.00255585402391425,0.0467697608988003,0.729,-0.606785292644526
"307","Jayson Tatum","2019",1060,478,529,0.418367346938776,0.454261954261954,-0.0358946073231787,-0.00332814661134162,-0.0044377212786729,0.0531454868190266,0.729,-0.591901362229012
"308","Lauri Markkanen","2023",1158,577,583,0.470149253731343,0.501953125,-0.0318038712686567,-0.00191768101899514,-0.00301657183179331,0.0457273528807353,0.7364,-0.629542224146356
"309","Reggie Jackson","2022",1222,479,610,0.350877192982456,0.393991416309013,-0.0431142233265567,-0.0041480907152549,-0.00494630712686675,0.0593818454774115,0.7414,-0.642753957759849
"310","James Harden","2022",992,407,506,0.368421052631579,0.41283422459893,-0.0444131719673516,-0.00482045001334652,-0.00618510151606757,0.0621932415139777,0.743,-0.614665991363264
"311","Harrison Barnes","2019",1026,431,534,0.379310344827586,0.422520661157025,-0.0432103163294386,-0.00485815554308699,-0.00525078434763661,0.0589415188064048,0.7466,-0.644020255169896
"312","Dennis Schroder","2018",1145,500,604,0.4,0.43943661971831,-0.0394366197183099,-0.00255905131622147,-0.00389379240456312,0.0535097732767333,0.7468,-0.66423057204769
"313","LeBron James","2016",1380,703,715,0.484472049689441,0.512715340442986,-0.028243290753545,-0.00151532285423495,-0.0019904120673834,0.0402585137016296,0.7476,-0.652107499067929
"314","DeMar DeRozan","2017",1560,729,771,0.440251572327044,0.470378301213419,-0.030126728886375,-0.00223634651600751,-0.00304645127948636,0.0418631918859061,0.748,-0.646875605679881
"315","Michael Porter Jr.","2024",1079,522,571,0.451923076923077,0.487179487179487,-0.0352564102564102,-0.00326118465552228,-0.00398675597376692,0.0481073209740153,0.7488,-0.649997830881776
"316","Zach LaVine","2016",951,424,472,0.407407407407407,0.449425287356322,-0.0420178799489144,-0.00466581473446465,-0.00559666500555206,0.0568930529405008,0.75,-0.64016981091614
"317","Desmond Bane","2022",1101,508,554,0.425742574257426,0.465,-0.0392574257425743,-0.00243148106700308,-0.00378302500110585,0.0500137571551894,0.7574,-0.709292857790981
"318","Jayson Tatum","2020",1235,555,591,0.415254237288136,0.452999104744852,-0.0377448674567167,-0.00325976338888179,-0.00380051507719277,0.0491719201776153,0.7588,-0.690319846304813
"319","Devin Vassell","2024",1056,498,537,0.438095238095238,0.475289169295478,-0.0371939312002403,-0.00242852882280259,-0.00291820987121009,0.049746140966892,0.76,-0.689012668376469
"320","LeBron James","2021",829,424,426,0.474747474747475,0.516438356164384,-0.0416908814169089,-0.00330076897035358,-0.00551881974769697,0.0514020605814503,0.7614,-0.703708397290701
"321","Lou Williams","2018",1338,582,670,0.4,0.437956204379562,-0.037956204379562,-0.00277539152844775,-0.00294301603230764,0.0499281542653244,0.7664,-0.701271434172992
"322","Nikola Jokic","2023",1026,648,480,0.611764705882353,0.638132295719844,-0.0263675898374913,-0.00163940232653459,-0.0015743887250518,0.0347644798447704,0.767,-0.713176242623091
"323","Ben Simmons","2018",1004,549,482,0.517857142857143,0.552631578947368,-0.0347744360902256,-0.00292669099670484,-0.00337652489901387,0.0428415305408406,0.7676,-0.732884908518389
"324","DeMar DeRozan","2021",920,455,458,0.457943925233645,0.499384993849939,-0.0414410686162937,-0.0038091506682339,-0.00444650668720495,0.0515558906654957,0.7678,-0.717562269830937
"325","Donovan Mitchell","2023",1419,689,719,0.45679012345679,0.489260143198091,-0.0324700197413006,-0.00166049239403637,-0.00284560747687563,0.0414962359496373,0.7684,-0.713906010665141
"326","LeBron James","2020",1305,644,688,0.463768115942029,0.497000856898029,-0.0332327409560002,2.25664865108888e-05,-0.0019162569351287,0.0433665077391362,0.7686,-0.722135252606699
"327","Jalen Williams","2025",1115,530,583,0.439252336448598,0.479166666666667,-0.0399143302180686,-0.00235899444523574,-0.00374916477579975,0.0491535147264932,0.7732,-0.735759500485449
"328","Nikola Vucevic","2019",1356,703,700,0.491228070175439,0.522362869198312,-0.0311347990228736,-0.00160623847767583,-0.00251716585710216,0.0392691077395532,0.775,-0.728756898567033
"329","Eric Gordon","2018",967,415,502,0.383333333333333,0.432194046306505,-0.0488607129731716,-0.00270553064275036,-0.00449588112176069,0.059678317259663,0.7758,-0.74339951071974
"330","Chris Paul","2016",1115,514,565,0.423076923076923,0.4648862512364,-0.0418093281594765,-0.00316939895293111,-0.00426751482004699,0.0506576316969889,0.7772,-0.741088994526782
"331","Shai Gilgeous-Alexander","2020",1028,485,511,0.433962264150943,0.476138828633406,-0.0421765644824622,-0.00265525565064734,-0.00395045203386609,0.0515842949230151,0.779,-0.741041677620004
"332","CJ McCollum","2020",1300,582,642,0.411214953271028,0.450963956412406,-0.0397490031413777,-0.00118419024908545,-0.00298535417027514,0.0477357100946309,0.7802,-0.770149829094877
"333","James Harden","2025",1136,456,565,0.353846153846154,0.404295051353875,-0.050448897507721,-0.00426542581552036,-0.00449489500911219,0.0601956851918809,0.7828,-0.763410240320798
"334","Kyrie Irving","2023",1224,608,627,0.463087248322148,0.501395348837209,-0.0383081005150616,-0.0035148550122307,-0.00414260924117545,0.0442428237054359,0.7872,-0.772226734472384
"335","LeBron James","2018",1596,869,817,0.520661157024793,0.548744460856721,-0.0280833038319274,-0.00057652303120348,-0.00117122414320468,0.0337038414224609,0.7878,-0.798487013732149
"336","Buddy Hield","2020",1148,492,592,0.383561643835616,0.431627906976744,-0.0480662631411278,-0.00331058985021598,-0.00417429167882073,0.0551415438713176,0.79,-0.795987351473811
"337","Giannis Antetokounmpo","2024",1386,848,693,0.591836734693878,0.617216117216117,-0.0253793825222397,-0.000255800909999992,-0.000908698162557103,0.0308472024283584,0.7926,-0.793286989849889
"338","Chris Paul","2020",900,442,451,0.45,0.49625,-0.04625,-0.00451910796738386,-0.0047726850773691,0.0518507890182571,0.793,-0.799936041629499
"339","Joel Embiid","2019",1211,584,626,0.446969696969697,0.486561631139944,-0.0395919341702474,-0.00215736409332601,-0.0027234779012905,0.0448968033764674,0.7952,-0.821182211121103
"340","Stephen Curry","2022",1253,552,635,0.397849462365591,0.443965517241379,-0.046116054875788,-0.00267131242740998,-0.00333873777239719,0.0506796710267896,0.7984,-0.844072509483702
"341","Stephen Curry","2023",1133,559,571,0.456521739130435,0.498492462311558,-0.041970723181123,-0.00148169165050993,-0.00300701316986319,0.0451662390807706,0.8002,-0.862673333096901
"342","DeMar DeRozan","2022",1543,778,783,0.475247524752475,0.508575689783743,-0.0333281650312682,-0.00198337670811366,-0.0021798306507708,0.0374482198725749,0.801,-0.831770762041183
"343","Jamal Murray","2018",1076,487,559,0.40625,0.457142857142857,-0.0508928571428571,-0.00344933574672995,-0.00503180517766557,0.0543520015743477,0.802,-0.843778529525883
"344","Jrue Holiday","2019",1157,547,588,0.434426229508197,0.477294685990338,-0.0428684564821414,-0.00243681287543918,-0.00296125933878124,0.0479434820463821,0.8022,-0.8323800324881
"345","DeMar DeRozan","2016",1361,596,704,0.396039603960396,0.441269841269841,-0.0452302373094452,-0.00296325854985074,-0.0041971549943349,0.0489794635714709,0.803,-0.837760957819286
"346","Franz Wagner","2023",1117,542,548,0.446153846153846,0.490374873353597,-0.0442210271997506,-0.00275586482483031,-0.00362963665661093,0.0482462628519498,0.8048,-0.841337507688416
"347","Marcus Morris","2017",1009,421,486,0.366197183098592,0.421108742004264,-0.0549115589056728,-0.00284158181387639,-0.00481513660942723,0.0594880794179937,0.8056,-0.84212539363126
"348","Tyler Herro","2022",1122,501,578,0.4,0.450581395348837,-0.0505813953488372,-0.00353029922051801,-0.00514902884268102,0.0519583125684099,0.8064,-0.874400346361105
"349","Brook Lopez","2016",1142,576,570,0.468085106382979,0.509490509490509,-0.0414054031075307,-0.00133346406510448,-0.00318060941340017,0.0442210810365875,0.8078,-0.864402063407364
"350","Devin Booker","2017",1430,606,692,0.37962962962963,0.427382753403933,-0.0477531237743038,-0.00406015037593987,-0.00498391154628258,0.0489790049171029,0.809,-0.87321521334311
"351","Spencer Dinwiddie","2020",1020,424,556,0.36,0.418556701030928,-0.0585567010309279,-0.00345744680851068,-0.00552024651240684,0.0614811812721713,0.8102,-0.862645339941237
"352","Khris Middleton","2021",1074,511,535,0.433628318584071,0.480749219562955,-0.0471209009788844,-0.00455271004192762,-0.0043225664501228,0.0496965098356464,0.8118,-0.861193968556383
"353","Jamal Murray","2025",1041,493,530,0.428571428571429,0.478260869565217,-0.0496894409937889,-0.00335078692687252,-0.004387022314288,0.0505791356744719,0.8136,-0.895674037829906
"354","Khris Middleton","2018",1271,593,683,0.425925925925926,0.470335339638865,-0.044409413712939,-0.00414660438375852,-0.00422096265788097,0.0457033032920749,0.8138,-0.879333618365105
"355","Luka Doncic","2022",1409,644,735,0.415929203539823,0.460648148148148,-0.0447189446083252,-0.00194717343751977,-0.00268781699135389,0.0465988044610973,0.8192,-0.901978668831743
"356","Gary Harris","2018",908,440,461,0.4375,0.490147783251232,-0.0526477832512315,-0.000414319932672991,-0.00350867021789837,0.0525498189390815,0.8196,-0.935095762942548
"357","Nikola Vucevic","2020",1033,493,545,0.433333333333333,0.481442205726405,-0.0481088723930718,-0.00254654983570646,-0.00296473465892958,0.0502249349727946,0.8222,-0.898839147499056
"358","DeMar DeRozan","2019",1313,631,681,0.441860465116279,0.484797297297297,-0.0429368321810182,-0.00191241385116853,-0.0029650492828943,0.0438515390951386,0.8224,-0.911525198953741
"359","Cade Cunningham","2024",1167,524,577,0.4,0.45360824742268,-0.0536082474226804,-0.00617964540394428,-0.00647297632045118,0.0517066878044303,0.8228,-0.911589450101861
"360","LeBron James","2024",1300,699,669,0.505494505494505,0.542933810375671,-0.0374393048811653,-0.0021533293278192,-0.00215327008796216,0.0382152174703077,0.8232,-0.923350359594829
"361","Russell Westbrook","2022",1232,548,622,0.397959183673469,0.448853615520282,-0.0508944318468128,-0.0016349516326809,-0.00393519796221439,0.0501480292736428,0.8236,-0.936412348895227
"362","Trae Young","2023",1390,597,702,0.385416666666667,0.432766615146832,-0.0473499484801648,-0.00100055586436909,-0.00217683646990466,0.0496015166312177,0.8246,-0.91072037869563
"363","Andrew Wiggins","2020",944,425,481,0.397435897435897,0.454965357967667,-0.05752946053177,-0.00377972465581977,-0.00502399558445042,0.0560912549221978,0.8266,-0.936072209832854
"364","Trae Young","2025",1286,530,637,0.358024691358025,0.415767634854772,-0.0577429434967471,-0.00380354937854327,-0.00566615275893728,0.0545272492021281,0.829,-0.955059928748018
"365","Bradley Beal","2018",1476,679,719,0.418918918918919,0.46460843373494,-0.0456895148160208,-0.00151719581903381,-0.00325665961813402,0.043722686182914,0.8322,-0.970499731429327
"366","Dejounte Murray","2024",1464,672,738,0.41726618705036,0.463396226415094,-0.0461300393647346,-0.00140631991647311,-0.00303934218634211,0.044567982736575,0.8324,-0.96685321014159
"367","Domantas Sabonis","2020",848,458,437,0.495726495726496,0.547195622435021,-0.0514691267085248,-0.00262400541730157,-0.00339130388833972,0.0478533845687341,0.835,-1.00469012282984
"368","CJ McCollum","2018",1505,667,746,0.398373983739837,0.447178002894356,-0.0488040191545186,-0.00245134452533058,-0.00385630951553209,0.0461584605213241,0.8356,-0.973769686669289
"369","Luka Doncic","2025",899,403,468,0.391304347826087,0.453012048192771,-0.0617077003666841,-0.00421081227927195,-0.00580184331277397,0.0590579103078668,0.8356,-0.946627755070825
"370","Paul George","2017",1365,628,700,0.415254237288136,0.464314354450682,-0.049060117162546,-0.00299164596974488,-0.00410080709724917,0.0454600113613713,0.836,-0.988985895931828
"371","Bam Adebayo","2024",1020,531,532,0.477611940298507,0.527088036117382,-0.0494760958188741,-0.00390147783251227,-0.00495870415682222,0.0463093067259207,0.8376,-0.961305508750667
"372","Giannis Antetokounmpo","2017",1274,670,667,0.491228070175439,0.531278331822303,-0.0400502616468642,-0.00184647457374731,-0.00223937032671485,0.0400341311701848,0.838,-0.94446638942695
"373","Darius Garland","2022",1185,547,607,0.415094339622642,0.466172381835032,-0.0510780422123909,-0.00288388877750873,-0.00340867034676819,0.049359904482477,0.838,-0.965750893674147
"374","Bogdan Bogdanovic","2024",1100,471,523,0.371134020618557,0.43369890329013,-0.0625648826715729,-0.00377479291992905,-0.00626819212828311,0.0563408865711705,0.8404,-0.999215560304951
"375","Bojan Bogdanovic","2020",935,418,484,0.391304347826087,0.451501154734411,-0.0601968069083241,-0.00286234712464223,-0.00447845351549071,0.0570379790894786,0.8418,-0.976864087442947
"376","Joel Embiid","2018",1072,520,561,0.438095238095238,0.490175801447777,-0.0520805633525385,-0.00293008094348607,-0.00392741772702479,0.0483810618636043,0.8434,-0.995289143534446
"377","Goran Dragic","2018",1078,485,535,0.397959183673469,0.455102040816327,-0.0571428571428572,-0.00218516632722332,-0.00426819394182603,0.0530332056788206,0.8448,-0.997010505479348
"378","James Harden","2016",1622,708,814,0.392,0.440213760855043,-0.0482137608550434,-0.00187507324504865,-0.00355752357348099,0.0448421867648648,0.8456,-0.995853246758963
"379","Klay Thompson","2023",1252,546,636,0.384615384615385,0.440137812230835,-0.0555224276154508,-0.00145309930786586,-0.00280981625039193,0.0510646053467518,0.8502,-1.03227296102881
"380","Shaedon Sharpe","2025",981,438,520,0.386666666666667,0.451434878587196,-0.0647682119205298,-0.00353361011335546,-0.00496969501849288,0.0566613465625563,0.8502,-1.0553670276088
"381","Paul Millsap","2016",1017,460,510,0.395348837209302,0.457572502685285,-0.0622236654759823,-0.00441230997404524,-0.00513187144075017,0.0543610101142304,0.8514,-1.05023423801845
"382","Jrue Holiday","2018",1226,610,622,0.456375838926175,0.503249767873723,-0.0468739289475488,-0.00108440039593222,-0.00232586435602053,0.0431698376158935,0.8518,-1.03192569283901
"383","Giannis Antetokounmpo","2018",1416,748,730,0.492462311557789,0.534100246507806,-0.0416379349500171,-0.00134828357814964,-0.00222063651534271,0.0373425766506279,0.8534,-1.05555914910365
"384","Dillon Brooks","2021",1031,432,499,0.356164383561644,0.423799582463466,-0.0676351989018217,-0.00475468400627105,-0.00583482685773567,0.0594075333728,0.8574,-1.04027837103201
"385","Nikola Vucevic","2021",1403,668,719,0.430656934306569,0.481042654028436,-0.0503857197218667,-0.0027346543817578,-0.0030861322654197,0.0439037514863025,0.8612,-1.0773472848033
"386","Kawhi Leonard","2016",1084,546,543,0.456,0.509906152241919,-0.0539061522419187,-0.00419287211740038,-0.00403614311787491,0.0463528577200159,0.8616,-1.07587776842741
"387","C.J. McCollum","2016",1418,627,704,0.392523364485981,0.446224256292906,-0.0537008918069249,-0.00238205723124518,-0.00384710025892101,0.0471553821991082,0.862,-1.05722378280176
"388","Devin Booker","2023",1067,527,522,0.443478260869565,0.5,-0.0565217391304348,-0.00252551918338617,-0.00414341889509181,0.0469689245270074,0.863,-1.11516967362591
"389","Kyle Lowry","2018",954,405,475,0.357142857142857,0.429864253393665,-0.072721396250808,-0.00215335045379866,-0.00453910038642682,0.0599455713504209,0.8642,-1.13740338657899
"390","Mike Conley","2019",1120,490,578,0.378048780487805,0.442196531791907,-0.0641477513041026,-0.00453074433656958,-0.00556714817208457,0.0532132020226478,0.866,-1.10086596756733
"391","Jordan Clarkson","2021",1075,457,557,0.361111111111111,0.429710867397807,-0.0685997562866955,-0.0044575725026853,-0.0042790551221608,0.0568570562299832,0.8682,-1.13127033704245
"392","Stephen Curry","2025",1155,515,599,0.390243902439024,0.450139794967381,-0.0598958925283568,-0.00282579463293903,-0.00433966342193697,0.0508988922572658,0.87,-1.09150173299674
"393","Andrew Wiggins","2019",1210,498,619,0.347222222222222,0.415641476274165,-0.068419254051943,-0.00207395687452561,-0.00391408895302253,0.055715465088951,0.8714,-1.15776050681685
"394","DeMar DeRozan","2020",1049,557,552,0.486111111111111,0.538121546961326,-0.0520104358502149,-0.00102334593185871,-0.0029486166624765,0.0432018021950887,0.8716,-1.13564288281742
"395","Anthony Davis","2017",1567,797,830,0.467741935483871,0.514120202751629,-0.0463782672677583,-0.0017405527827874,-0.00256148565415259,0.0379651141916243,0.872,-1.15413274914559
"396","CJ McCollum","2022",1164,536,625,0.404494382022472,0.465116279069767,-0.0606218970472955,-0.00194791077872947,-0.00414341243449311,0.0496632051830675,0.8754,-1.13722995534848
"397","Jrue Holiday","2020",1006,458,489,0.393258426966292,0.461286804798255,-0.068028377831963,-0.00291177999884451,-0.0039932849202223,0.0548823912047293,0.8764,-1.16676936820899
"398","Kawhi Leonard","2019",1143,567,568,0.447761194029851,0.502477700693756,-0.0547165066639054,-0.0031905813873811,-0.00313531609718704,0.0448984630477688,0.877,-1.14884089711132
"399","Julius Randle","2019",1087,571,567,0.479452054794521,0.532412327311371,-0.0529602725168504,-0.00141935821461747,-0.00307928177477918,0.0428175806171322,0.879,-1.16496518540127
"400","Andrew Wiggins","2021",1058,505,538,0.420560747663551,0.483701366982124,-0.0631406193185727,-0.00308330328164441,-0.00354555450024428,0.050222232472842,0.8848,-1.18662715462828
"401","Stephen Curry","2021",1384,668,715,0.432835820895522,0.488,-0.0551641791044776,-0.00269138755980863,-0.00370673295579759,0.0429696070489818,0.8858,-1.19753122457049
"402","Anfernee Simons","2025",1080,466,537,0.364705882352941,0.437185929648241,-0.0724800472953001,-0.00315547905909352,-0.00486461792517717,0.0557160258685458,0.889,-1.21357236658717
"403","TJ Warren","2018",1061,529,525,0.444444444444444,0.506479481641469,-0.0620350371970243,-0.00280300761885749,-0.0035292782627921,0.0474407437925295,0.8896,-1.23323865220353
"404","Bradley Beal","2017",1323,637,665,0.431818181818182,0.486985726280437,-0.0551675444622548,-0.00108873162765377,-0.00172795829078609,0.0432608894094079,0.89,-1.2352863498883
"405","Nikola Vucevic","2023",1148,597,629,0.469230769230769,0.526522593320236,-0.0572918240894665,-0.00176545714071075,-0.002973574788015,0.0427107497109475,0.895,-1.27176997990107
"406","Jordan Clarkson","2023",1031,458,528,0.376623376623377,0.449685534591195,-0.0730621579678183,-0.00370268473301694,-0.00501523750289387,0.0552937908240031,0.8956,-1.23064306951777
"407","Russell Westbrook","2016",1454,657,704,0.397260273972603,0.457951070336391,-0.0606907963637887,-0.00294326601035216,-0.00394498253232725,0.0452037363888654,0.8964,-1.25533458878942
"408","Jordan Clarkson","2020",868,394,447,0.376811594202899,0.460575719649562,-0.0837641254466634,-0.00499055256667291,-0.00585287456080028,0.0589408484696287,0.9024,-1.32185492589252
"409","Al Horford","2016",1015,499,516,0.431034482758621,0.49944382647386,-0.0684093437152392,-0.00372722977584128,-0.00417202278995945,0.0481084168072557,0.904,-1.33526158598492
"410","Anthony Edwards","2021",1209,505,631,0.34375,0.421834061135371,-0.0780840611353712,-0.00484838018955025,-0.00523172723813071,0.0544519287888345,0.907,-1.33792017138205
"411","LeBron James","2017",1361,746,694,0.504950495049505,0.55565142364107,-0.0507009285915649,-5.83761425044793e-05,-0.00130550329832096,0.0368336238338256,0.9072,-1.34104169375489
"412","Serge Ibaka","2017",983,471,511,0.415841584158416,0.486394557823129,-0.0705529736647134,-0.00330838485735985,-0.00463190579796671,0.0505462982797818,0.9072,-1.30417201872753
"413","Brandon Ingram","2021",1101,513,563,0.401869158878505,0.472837022132797,-0.0709678632542921,-0.00255939822034679,-0.00330509295006498,0.0500520634745367,0.9088,-1.35184776824735
"414","Kevin Durant","2016",1390,701,713,0.455089820359281,0.511038430089943,-0.0559486097306613,-0.001786783287407,-0.00255456365062528,0.0400861773707436,0.909,-1.33198148544353
"415","Karl-Anthony Towns","2018",1182,646,617,0.497076023391813,0.554896142433234,-0.0578201190414215,-0.00304395604395613,-0.00382160352302947,0.0389575142772804,0.9108,-1.38608729330258
"416","Collin Sexton","2024",1038,506,524,0.427272727272727,0.494612068965517,-0.06733934169279,-0.00227053140096617,-0.00300445251471175,0.0486570566052767,0.9108,-1.32221087066539
"417","Anthony Edwards","2023",1550,713,794,0.404411764705882,0.465346534653465,-0.060934769947583,-0.00337516390610132,-0.00374508940211259,0.0426846108985363,0.9116,-1.33981965260064
"418","Bradley Beal","2021",1398,680,714,0.432624113475177,0.492442322991249,-0.0598182095160717,-0.00136735018127021,-0.00226403952686896,0.0416974750376927,0.9144,-1.38027949983005
"419","Franz Wagner","2022",975,456,499,0.397849462365591,0.475056689342404,-0.0772072269768123,-0.00339006503390066,-0.00408286808919354,0.0528862430242184,0.9152,-1.38267259510441
"420","Donovan Mitchell","2022",1377,617,689,0.383177570093458,0.453543307086614,-0.0703657369931562,-0.00196741590777488,-0.00330866726123247,0.0474658946404617,0.9184,-1.41274214338229
"421","Nikola Jokic","2025",1285,739,630,0.532467532467532,0.584440227703985,-0.0519726952364524,-0.00230405529732713,-0.0027104906519262,0.0353518277324516,0.9188,-1.39348395102371
"422","Malik Beasley","2025",947,413,474,0.352112676056338,0.442922374429224,-0.0908096983728857,-0.00307273434461297,-0.00465364032864674,0.0581281205298264,0.9222,-1.48217518920177
"423","James Harden","2019",1922,847,971,0.383561643835616,0.445382882882883,-0.0618212390472664,-0.00130275527327184,-0.00214282737977685,0.0405383615872355,0.9242,-1.47214661201998
"424","Dennis Schroder","2020",966,453,493,0.395061728395062,0.475706214689266,-0.0806444862942038,-0.00186045499548487,-0.00407973050815835,0.0527941118377971,0.9258,-1.45025180120996
"425","Klay Thompson","2024",1133,490,566,0.353658536585366,0.438629876308278,-0.084971339722912,-0.00258478081058727,-0.00392661956093533,0.0545177214204577,0.9264,-1.48657570511677
"426","Kyrie Irving","2024",1131,562,614,0.434426229508197,0.504459861248761,-0.0700336317405645,-0.000691655510932643,-0.00230764637020748,0.0455477436151991,0.929,-1.48692295149736
"427","Will Barton","2016",973,415,505,0.338983050847458,0.432166301969365,-0.0931832511219078,-0.00165173572228444,-0.00311117061817023,0.0596412954767332,0.93,-1.51023011461708
"428","Donovan Mitchell","2024",1098,506,564,0.387096774193548,0.467661691542289,-0.0805649173487402,-0.00235619335627679,-0.00372711154753693,0.0505612736250679,0.933,-1.51969680136989
"429","Anthony Edwards","2022",1244,549,659,0.367816091954023,0.446845289541919,-0.0790291975878958,-0.00226041640980118,-0.00294013273575691,0.0501036444060434,0.9334,-1.51863334003227
"430","Anthony Davis","2016",1127,552,550,0.426356589147287,0.497995991983968,-0.0716394028366811,-0.00160786689658388,-0.00274817906630754,0.0462138775462875,0.9354,-1.49070425223187
"431","Bradley Beal","2019",1619,768,820,0.415094339622642,0.480821917808219,-0.0657275781855777,-0.00392570392570396,-0.00391685898927128,0.040847596471423,0.9354,-1.51320333473107
"432","Luka Doncic","2019",1199,511,608,0.342105263157895,0.431878895814782,-0.0897736326568871,-0.00381686530581699,-0.00414014723974218,0.0539370300994077,0.937,-1.58765666665961
"433","Julius Randle","2020",1004,463,557,0.382716049382716,0.468039003250271,-0.0853229538675548,-0.00359453630481671,-0.00438491763813244,0.0530995149707383,0.9378,-1.5242707259007
"434","Tyrese Maxey","2025",1093,477,570,0.351351351351351,0.442590775269872,-0.0912394239185211,-0.00375729723015772,-0.00453963872300128,0.055031333211595,0.939,-1.57546219827457
"435","Jalen Brunson","2024",1660,795,849,0.419540229885057,0.485868102288022,-0.0663278724029641,-0.00155423129994392,-0.002480334706186,0.0391985680828994,0.9408,-1.62882321521923
"436","Russell Westbrook","2021",1238,544,648,0.358024691358025,0.445116681071737,-0.0870919897137126,-0.00463782366437232,-0.00517988183580451,0.0506985201062308,0.9432,-1.61567058971887
"437","Dillon Brooks","2020",1043,426,507,0.306451612903226,0.414882772680938,-0.108431159777712,-0.00582640078297042,-0.0070287423333185,0.0606406601789563,0.9458,-1.67218524905807
"438","Donovan Mitchell","2025",1239,542,594,0.357142857142857,0.445430346051464,-0.0882874889086069,-0.00196627747133238,-0.00360787364055626,0.0518411324335618,0.9474,-1.63344455055209
"439","Kyle Kuzma","2024",1315,608,685,0.391304347826087,0.469166666666667,-0.0778623188405797,-0.00279454227752096,-0.00336618288788956,0.0459699643466529,0.9476,-1.62053934588519
"440","Cam Thomas","2024",1189,525,589,0.362637362637363,0.448087431693989,-0.0854500690566264,-0.00378668072395011,-0.00403693777646326,0.0507891105334505,0.9478,-1.60296430524301
"441","Mikal Bridges","2025",1077,533,546,0.420168067226891,0.504175365344468,-0.0840072981175768,-0.00281385281385282,-0.00332434999765734,0.0473631191110861,0.9526,-1.70349735478115
"442","Devin Booker","2018",1054,455,520,0.3375,0.439425051334702,-0.101925051334702,-0.00336306477555198,-0.00421324037616072,0.0566253090177108,0.9544,-1.7255854785354
"443","Karl-Anthony Towns","2025",1108,585,573,0.462585034013605,0.537981269510926,-0.0753962354973206,-0.00121542250249762,-0.00237587059129843,0.0427972801921487,0.9546,-1.70619171541228
"444","Giannis Antetokounmpo","2022",1265,704,651,0.5,0.567136150234742,-0.0671361502347417,-0.001783163779431,-0.0022895753770796,0.036567039949158,0.9572,-1.77336133708999
"445","Giannis Antetokounmpo","2020",1259,697,667,0.491978609625668,0.564365671641791,-0.0723870620161226,-0.00207691337333982,-0.00311054763569891,0.0378472660441134,0.9592,-1.83042321470929
"446","Donovan Mitchell","2021",1104,484,554,0.345238095238095,0.446078431372549,-0.100840336134454,-0.0033712405472493,-0.00410832861362762,0.0540922716052988,0.9596,-1.78827778257607
"447","Damian Lillard","2025",1010,453,521,0.351351351351351,0.456196581196581,-0.10484522984523,-0.00297630652058073,-0.00459363297300775,0.0544599317417377,0.96,-1.84083221675047
"448","John Wall","2016",1342,569,679,0.333333333333333,0.430511182108626,-0.0971778487752929,-0.00215034561783373,-0.00386021194047292,0.0511235313233305,0.9608,-1.82533628681933
"449","Jalen Green","2025",1309,553,685,0.328947368421053,0.428223844282238,-0.0992764758611858,-0.00206820408353681,-0.00394186193821826,0.0525257173470558,0.9608,-1.81500831855486
"450","Kristaps Porzingis","2017",983,442,525,0.352112676056338,0.457236842105263,-0.105124166048925,-0.00282981789597797,-0.00514163340479996,0.0557784051664654,0.961,-1.79249536349662
"451","Damian Lillard","2017",1488,661,770,0.364406779661017,0.451094890510949,-0.086688110849932,-0.00241545893719802,-0.00290228763407427,0.0458521414358021,0.963,-1.8273044746049
"452","Dennis Smith Jr.","2018",1033,407,538,0.272727272727273,0.399393326592518,-0.126666053865245,-0.00120631671296972,-0.00461243880005135,0.0641143252419118,0.9638,-1.90368711835724
"453","DeMarcus Cousins","2017",1434,648,751,0.37037037037037,0.458521870286576,-0.0881514999162058,-0.00205479452054791,-0.00355277980082727,0.0457434712990885,0.9644,-1.84941627106171
"454","Dejounte Murray","2023",1320,612,700,0.383177570093458,0.470733718054411,-0.0875561479609526,-0.00235278739951633,-0.00333991449162358,0.0457872639874518,0.9644,-1.83929385893005
"455","Julius Randle","2018",903,503,460,0.485507246376812,0.569934640522876,-0.0844273941460642,-0.00263210006930914,-0.00265562459540073,0.0433645732243661,0.9666,-1.88568140928265
"456","Marc Gasol","2017",1167,537,583,0.368932038834951,0.468984962406015,-0.100052923571064,-0.00361724466025787,-0.00453488761147317,0.0497320779234171,0.9706,-1.92065242290257
"457","Isaiah Thomas","2017",1486,689,793,0.383333333333333,0.470717423133236,-0.0873840897999024,-0.00356240619976178,-0.00335697121752492,0.0440341568315405,0.971,-1.90822590072148
"458","Devin Booker","2020",1276,624,667,0.410852713178295,0.497820401046208,-0.0869676878679129,-0.0022918258212376,-0.00258459325534214,0.0429945776314963,0.971,-1.96264504179603
"459","Jordan Poole","2025",1000,424,521,0.311475409836066,0.431309904153355,-0.119834494317289,-0.00100116802936762,-0.00328609058384042,0.0597471345352603,0.9722,-1.95069444986799
"460","Luka Doncic","2024",1662,807,867,0.416666666666667,0.49330655957162,-0.0766398929049531,-0.00209595811025476,-0.00264245759418261,0.0382956954765368,0.9726,-1.93226508593133
"461","Paul George","2016",1462,610,724,0.32258064516129,0.423666910153397,-0.101086264992106,-0.0023097901708688,-0.00301451271972,0.049860783340084,0.9732,-1.9669115826655
"462","Jordan Poole","2023",1278,550,661,0.329411764705882,0.437552388935457,-0.108140624229574,-0.00193704600484262,-0.00312780055810373,0.0510364931325072,0.9742,-2.05760265304326
"463","Zach LaVine","2020",1200,539,591,0.352941176470588,0.458105646630237,-0.105164470159649,-0.00280553318405891,-0.00377258088526655,0.0509678083613726,0.975,-1.9893319437142
"464","Julius Randle","2023",1441,663,799,0.372549019607843,0.466766243465273,-0.0942172238574294,-0.00300151257326531,-0.00321221123948334,0.0448163492201887,0.977,-2.03062083818622
"465","Desmond Bane","2025",927,448,485,0.382022471910112,0.494033412887828,-0.112010940977716,-0.00282736704364894,-0.00378535315334654,0.0521163675638471,0.979,-2.07661417867973
"466","De'Aaron Fox","2021",1110,529,611,0.378947368421053,0.485714285714286,-0.106766917293233,-0.00272323596752932,-0.00384749152254731,0.0484025224852579,0.9796,-2.12632359815611
"467","Nikola Vucevic","2024",1211,586,614,0.39344262295082,0.494031221303949,-0.100588598353129,-0.00051855554167185,-0.00188166020709679,0.0458396175150854,0.98,-2.15331068400709
"468","Buddy Hield","2019",1360,623,726,0.366071428571429,0.466346153846154,-0.100274725274725,-0.00164122059113045,-0.0031083968267842,0.0457449116063624,0.9802,-2.12409041871286
"469","Damian Lillard","2023",1215,560,634,0.363636363636364,0.469534050179211,-0.105897686542848,-0.00225268075618221,-0.00340906939578934,0.048602418876311,0.9804,-2.10871432979258
"470","Zach LaVine","2023",1388,673,728,0.401515151515151,0.493630573248408,-0.0921154217332562,-0.00235803256859096,-0.00288885715001726,0.0415978862301758,0.9818,-2.14497833109877
"471","Paul Millsap","2017",975,431,503,0.320512820512821,0.452619843924192,-0.132107023411371,-0.00423567605955311,-0.00475081313752752,0.0567631425451833,0.9822,-2.24364269776763
"472","Karl-Anthony Towns","2016",1133,605,590,0.455128205128205,0.546571136131013,-0.0914429310028081,-0.00166293306864757,-0.00121953702925426,0.0412797461468773,0.986,-2.18565767465067
"473","Stephen Curry","2017",1459,683,751,0.373015873015873,0.477119279819955,-0.104103406804082,-0.00163918876529112,-0.00319006414932846,0.0432017514629034,0.9864,-2.33586230274497
"474","Giannis Antetokounmpo","2019",1271,738,668,0.513636363636364,0.594671741198858,-0.0810353775624946,-0.0011013131336387,-0.00132389576174152,0.0352265938203693,0.988,-2.26282115742513
"475","Pascal Siakam","2021",961,437,497,0.328767123287671,0.46509009009009,-0.136322966802419,-0.00257913883911604,-0.00463913898039777,0.0549033437040196,0.9886,-2.39846644918241
"476","Josh Giddey","2023",1118,539,594,0.376237623762376,0.492625368731563,-0.116387744969187,-0.00273726355354004,-0.00320116354311353,0.0479352593149598,0.9888,-2.36123853388126
"477","Avery Bradley","2016",1001,439,502,0.301369863013699,0.449353448275862,-0.147983585262163,-0.00416128569378676,-0.00567295582706334,0.0580907102620748,0.9898,-2.44980012799068
"478","Kevin Durant","2025",1066,560,557,0.4296875,0.538379530916844,-0.108692030916844,-0.00321518359831452,-0.00405645350580761,0.043593927892269,0.99,-2.40023284136305
"479","Lou Williams","2020",924,385,464,0.266666666666667,0.427083333333333,-0.160416666666667,-0.00529136888400222,-0.00638341208875566,0.0623359750261112,0.991,-2.47101700925332
"480","Julius Randle","2022",1246,512,618,0.277777777777778,0.419080068143101,-0.141302290365323,-0.00466200466200467,-0.00523876021623169,0.0558329532133355,0.9916,-2.43697534015795
"481","Tobias Harris","2017",1063,511,552,0.364583333333333,0.49224405377456,-0.127660720441227,-0.00194060675117502,-0.0035558101445683,0.0486382001815616,0.9922,-2.55159339435644
"482","Collin Sexton","2019",1206,519,603,0.301204819277108,0.439893143365984,-0.138688324088875,-0.00192184497117237,-0.00363281137951199,0.0532198829656466,0.9924,-2.53768902116041
"483","Evan Fournier","2020",930,434,499,0.328358208955224,0.477404403244496,-0.149046194289272,-0.00306926894469128,-0.00508021055151882,0.055307574818957,0.9926,-2.6030066262896
"484","Tyrese Maxey","2024",1424,641,750,0.333333333333333,0.459152798789713,-0.125819465456379,-0.00326828018472347,-0.00375272599058932,0.0463280949498959,0.9936,-2.63483183579652
"485","Anthony Davis","2018",1450,771,754,0.446153846153846,0.545019920318725,-0.098866074164879,-0.00090429623851046,-0.00176075258947922,0.0370424224740627,0.9938,-2.62146250406256
"486","Harrison Barnes","2018",1207,537,624,0.313253012048193,0.454626334519573,-0.14137332247138,-0.00284189971406656,-0.00446698575340778,0.0513701120732278,0.9942,-2.66509710009613
"487","Kawhi Leonard","2017",1314,637,700,0.377952755905512,0.496208930075821,-0.11825617417031,-0.00281148537120679,-0.00328597689327281,0.0432665095410686,0.9944,-2.65725612018476
"488","Khris Middleton","2022",1030,453,535,0.301369863013699,0.450365726227795,-0.148995863214097,-0.00254282655246252,-0.00442645225020003,0.055779260267066,0.9944,-2.59181298338686
"489","Brandon Ingram","2022",982,453,502,0.333333333333333,0.473743016759777,-0.140409683426443,-0.00377036048064083,-0.00436717919221063,0.0533863953429358,0.9946,-2.54826165655768
"490","Jaylen Brown","2023",1410,695,742,0.39041095890411,0.504746835443038,-0.114335876538928,-0.00191155855741049,-0.00271572482340486,0.0422056815709502,0.995,-2.64467122815879
"491","Kevin Love","2016",956,398,478,0.25,0.427455357142857,-0.177455357142857,-0.00387493556586505,-0.0062407029811243,0.0625335589257903,0.9952,-2.73796433631606
"492","Jalen Brunson","2022",1008,506,500,0.383333333333333,0.518018018018018,-0.134684684684685,-0.00226757369614516,-0.00339888118826427,0.0480211993123824,0.9954,-2.73391346689186
"493","Nikola Jokic","2021",1297,735,664,0.478468899521531,0.583639705882353,-0.105170806360822,-0.00109546551129935,-0.0014634469345809,0.0361587626622513,0.997,-2.8681114006843
"494","Miles Bridges","2025",968,421,513,0.274193548387097,0.445916114790287,-0.17172256640319,-0.00494083809144108,-0.00636077165132759,0.0585731833021378,0.997,-2.82316557559929
"495","Kyle Kuzma","2019",1114,511,580,0.317647058823529,0.470359572400389,-0.152712513576859,-0.00461789206809127,-0.00430561885093356,0.0498663040504531,0.9972,-2.97609573341895
"496","Devin Booker","2025",1309,603,661,0.333333333333333,0.47210657785179,-0.138773244518457,-0.0025581721334455,-0.00375199500810409,0.0472955323375796,0.9978,-2.85484152174494
"497","LeBron James","2019",1113,567,591,0.380530973451327,0.524,-0.143469026548673,-0.00274147459421825,-0.00300420674100986,0.0456565373520138,0.9984,-3.07655437653261
"498","Blake Griffin","2018",995,436,514,0.266666666666667,0.449197860962567,-0.1825311942959,-0.0043096042609243,-0.00493866514417263,0.0569370164178401,0.9988,-3.11910493954303
"499","Paul George","2023",1018,464,540,0.297297297297297,0.468220338983051,-0.170923041685754,-0.00331016219794766,-0.00435046857152551,0.0526612672008137,0.9988,-3.16309466080706
"500","Donovan Mitchell","2020",1352,605,700,0.262626262626263,0.462090981644054,-0.199464719017792,-0.00147299509001636,-0.00296664797748568,0.0483300884578563,1,-4.06575028745605
