"","season","player","n_shots","phat_after_Sstreak","phat_Sstreak_vs_others","phat_Sstreak_vs_Fstreak","Sstreak_frequency","longest_run_success","n_runs","pvalue"
"1","2016","Al Horford",1015,0.431034482758621,-0.0684093437152392,-0.111338398597312,0.114624505928854,8,516,0.9066
"2","2016","Andre Drummond",1015,0.557142857142857,0.0531428571428572,0.00357142857142856,0.138339920948617,15,508,0.1096
"3","2016","Andrew Wiggins",1271,0.490566037735849,0.0442141064053769,0.0171360860450278,0.083596214511041,8,656,0.1718
"4","2016","Anthony Davis",1127,0.426356589147287,-0.0716394028366811,-0.00816722037652273,0.114768683274021,7,550,0.9278
"5","2016","Avery Bradley",1001,0.301369863013699,-0.147983585262163,-0.174820613176778,0.0731462925851703,6,502,0.994
"6","2016","Brook Lopez",1142,0.468085106382979,-0.0414054031075307,-0.0149080908959328,0.123792800702371,7,570,0.805
"7","2016","C.J. McCollum",1418,0.392523364485981,-0.0537008918069249,-0.0378045043664777,0.0756183745583039,8,704,0.8596
"8","2016","Carmelo Anthony",1302,0.479591836734694,0.0501898433792121,0.0463934561678923,0.0754426481909161,8,656,0.1398
"9","2016","Chris Paul",1115,0.423076923076923,-0.0418093281594765,-0.0309108069844266,0.0935251798561151,8,565,0.7852
"10","2016","Damian Lillard",1457,0.508928571428571,0.10446760488582,0.120770676691729,0.0770288858321871,6,698,0.014
"11","2016","DeMar DeRozan",1361,0.396039603960396,-0.0452302373094452,-0.0679243600035679,0.0743740795287187,7,704,0.821
"12","2016","DeMarcus Cousins",1312,0.466101694915254,0.0238906396388723,0.0938073226208819,0.0901451489686784,8,640,0.2928
"13","2016","Derrick Rose",1009,0.385714285714286,-0.0349459911760231,-0.015327380952381,0.0695825049701789,8,511,0.6982
"14","2016","Dirk Nowitzki",1104,0.459183673469388,0.0168377490161075,0.00563176090108175,0.0890099909173479,10,553,0.3526
"15","2016","Dwyane Wade",1165,0.452830188679245,0.00334954656404229,-0.00635348479014247,0.0912220309810671,9,574,0.4448
"16","2016","Giannis Antetokounmpo",984,0.50381679389313,0.0126092909622973,0.00381679389312972,0.133537206931702,11,496,0.3864
"17","2016","Gordon Hayward",1192,0.465116279069767,0.0392573278943605,-0.0298837209302326,0.0723296888141295,7,609,0.2064
"18","2016","Isaiah Thomas",1377,0.403846153846154,-0.0203486615505469,-0.0448230476747587,0.0756914119359534,6,666,0.6424
"19","2016","Ish Smith",958,0.446428571428571,0.0439895470383275,0.0583688699360341,0.0586387434554974,7,476,0.2278
"20","2016","James Harden",1622,0.392,-0.0482137608550434,-0.106084291187739,0.0772081531809759,9,814,0.8498
"21","2016","Jeff Teague",946,0.475,0.0465935334872979,-0.052027027027027,0.0848356309650053,7,472,0.1948
"22","2016","Jimmy Butler",1006,0.484210526315789,0.039644115777919,0.00516861014812481,0.094715852442672,8,502,0.2186
"23","2016","John Wall",1342,0.333333333333333,-0.0971778487752929,-0.129166666666667,0.0672143390589992,8,679,0.9624
"24","2016","Jordan Clarkson",1089,0.467391304347826,0.0421154768653788,0.0527571580063627,0.0847145488029466,10,531,0.2006
"25","2016","Karl-Anthony Towns",1133,0.455128205128205,-0.0914429310028081,-0.201437451437451,0.138053097345133,7,590,0.9794
"26","2016","Kawhi Leonard",1084,0.456,-0.0539061522419187,-0.102139534883721,0.115633672525439,10,543,0.8636
"27","2016","Kemba Walker",1321,0.445544554455446,0.0258724233079046,-0.00789674109111316,0.0766312594840668,7,648,0.292
"28","2016","Kentavious Caldwell-Pope",949,0.434782608695652,0.0234189723320158,0.0145698427382053,0.072938689217759,6,473,0.3378
"29","2016","Kevin Durant",1390,0.455089820359281,-0.0559486097306613,-0.119103728027815,0.120403749098774,9,713,0.9108
"30","2016","Kevin Love",956,0.25,-0.177455357142857,-0.24112426035503,0.0629590766002099,5,478,0.997
"31","2016","Khris Middleton",1134,0.452631578947368,0.0156729648953954,0.0526315789473684,0.0839964633068081,8,555,0.365
"32","2016","Klay Thompson",1384,0.514925373134328,0.0565253731343284,-0.00982710211319637,0.0970311368573498,9,692,0.0856
"33","2016","Kobe Bryant",1118,0.444444444444444,0.093093093093093,0.0795795795795796,0.0403587443946188,6,516,0.0684
"34","2016","Kyle Lowry",1195,0.531914893617021,0.12137901714109,0.117980467387513,0.0788590604026846,10,578,0.0066
"35","2016","LaMarcus Aldridge",1021,0.504065040650406,0.0051786263965089,0.0339795705649364,0.120825147347741,9,530,0.438
"36","2016","LeBron James",1380,0.484472049689441,-0.028243290753545,-0.058574307926453,0.116920842411038,11,715,0.7446
"37","2016","Monta Ellis",1009,0.391891891891892,-0.031637519872814,-0.0131081081081081,0.073558648111332,6,487,0.6912
"38","2016","Nikola Vucevic",1016,0.558139534883721,0.0677223984688393,0.0815770348837209,0.127344521224087,11,509,0.0624
"39","2016","Pau Gasol",989,0.432098765432099,-0.0337602654049057,-0.0525166191832859,0.0821501014198783,9,536,0.716
"40","2016","Paul George",1462,0.32258064516129,-0.101086264992106,-0.09712738403579,0.0637422892392049,8,724,0.9704
"41","2016","Paul Millsap",1017,0.395348837209302,-0.0622236654759823,-0.0887275959117168,0.0848126232741617,6,510,0.8536
"42","2016","Reggie Jackson",1236,0.43298969072165,0.00190979607722458,0.0585216056152665,0.0786699107866991,10,599,0.4738
"43","2016","Rodney Hood",965,0.397058823529412,-0.0210013771394846,-0.0329411764705883,0.0706860706860707,7,451,0.609
"44","2016","Rudy Gay",994,0.436781609195402,-0.024078368753881,-0.0528735632183908,0.0877901109989909,7,509,0.6516
"45","2016","Russell Westbrook",1454,0.397260273972603,-0.0606907963637887,-0.00985435053332612,0.100620261888353,9,704,0.9012
"46","2016","Stephen Curry",1598,0.488888888888889,-0.0125215483466541,-0.100706486833655,0.112852664576803,12,818,0.6176
"47","2016","Thaddeus Young",952,0.488,-0.0246964933494559,-0.0808073394495413,0.131717597471022,10,476,0.6714
"48","2016","Victor Oladipo",961,0.435897435897436,0.00101634869471789,0.00161172161172163,0.081419624217119,6,474,0.4716
"49","2016","Will Barton",973,0.338983050847458,-0.0931832511219078,-0.100323307534045,0.0608247422680412,7,505,0.929
"50","2016","Zach LaVine",951,0.407407407407407,-0.0420178799489144,-0.0343103840036356,0.0854430379746835,9,472,0.7464
"51","2017","Andrew Wiggins",1567,0.472602739726027,0.0222156883537544,-0.0402177730944854,0.0933503836317136,10,792,0.2906
"52","2017","Anthony Davis",1567,0.467741935483871,-0.0463782672677583,-0.0631222620469933,0.118925831202046,8,830,0.8714
"53","2017","Blake Griffin",973,0.527777777777778,0.0387604367373154,-0.0548309178743961,0.111340206185567,9,500,0.1978
"54","2017","Bradley Beal",1323,0.431818181818182,-0.0551675444622548,-0.0518774703557312,0.1,7,665,0.8752
"55","2017","Brook Lopez",1173,0.468468468468468,-0.00516618313228484,0.00739062415709119,0.0948717948717949,8,608,0.526
"56","2017","CJ McCollum",1442,0.511363636363636,0.0358502082435732,0.0526480400333611,0.122307157748436,8,690,0.1884
"57","2017","Carmelo Anthony",1399,0.453781512605042,0.022531512605042,0.0222462428954984,0.085243553008596,11,693,0.3064
"58","2017","Damian Lillard",1488,0.364406779661017,-0.086688110849932,-0.0889830508474577,0.0794612794612795,6,770,0.9632
"59","2017","DeMar DeRozan",1560,0.440251572327044,-0.030126728886375,-0.00419287211740038,0.102119460500963,8,771,0.7466
"60","2017","DeMarcus Cousins",1434,0.37037037037037,-0.0881514999162058,-0.106693849813116,0.0754716981132075,7,751,0.9682
"61","2017","Dennis Schroder",1216,0.476190476190476,0.0279456517080279,-0.0153349475383374,0.0865622423742786,10,628,0.2662
"62","2017","Derrick Rose",977,0.481818181818182,0.0123833490615498,-0.0112373737373738,0.112936344969199,9,483,0.381
"63","2017","Devin Booker",1430,0.37962962962963,-0.0477531237743038,0.0106641123882503,0.0756832515767344,8,692,0.8256
"64","2017","Dwyane Wade",956,0.436619718309859,0.00385135672793824,0.0104833546734955,0.074501573976915,7,472,0.4542
"65","2017","Eric Bledsoe",1037,0.418918918918919,-0.0151413095338329,-0.0293569431500466,0.0715667311411992,8,529,0.5848
"66","2017","Eric Gordon",1014,0.433333333333333,0.0287211740041929,0.00404040404040407,0.0593471810089021,8,508,0.288
"67","2017","Giannis Antetokounmpo",1274,0.491228070175439,-0.0400502616468642,-0.108771929824561,0.134539732494099,10,667,0.8272
"68","2017","Goran Dragic",1127,0.465346534653465,-0.00931233474224613,-0.0667047473978167,0.0898576512455516,8,582,0.5554
"69","2017","Gordon Hayward",1162,0.461538461538462,-0.012298747763864,-0.0414555504375863,0.112165660051769,9,578,0.5768
"70","2017","Harrison Barnes",1281,0.439252336448598,-0.0309350570778073,-0.0231132549492513,0.0837245696400626,5,670,0.7316
"71","2017","Hassan Whiteside",973,0.612021857923497,0.0677180604551428,0.0324764033780427,0.188659793814433,12,467,0.0432
"72","2017","Isaiah Thomas",1486,0.383333333333333,-0.0873840897999024,-0.114179104477612,0.0809170600134862,6,793,0.9718
"73","2017","James Harden",1541,0.455357142857143,0.0165887733679896,-0.0275488400488401,0.0728218465539662,10,810,0.3388
"74","2017","Jimmy Butler",1256,0.429824561403509,-0.0281439149537592,-0.00607287449392713,0.0909816440542698,10,636,0.7022
"75","2017","John Wall",1445,0.440677966101695,-0.0122233149834596,-0.036173885750157,0.0818307905686547,10,740,0.5932
"76","2017","Jordan Clarkson",1068,0.473684210526316,0.0307242927462541,0.0389016018306636,0.0892018779342723,9,534,0.2658
"77","2017","Karl-Anthony Towns",1479,0.585774058577406,0.0527095424483736,0.0174287348363986,0.161924119241192,10,744,0.0594
"78","2017","Kawhi Leonard",1314,0.377952755905512,-0.11825617417031,-0.196240792481585,0.0968726163234172,6,700,0.9948
"79","2017","Kemba Walker",1456,0.451612903225806,0.00866996028286349,0.0264160528321056,0.0853406744666208,8,702,0.4118
"80","2017","Kevin Durant",1042,0.526666666666667,-0.0125710014947683,0.0168627450980392,0.14436958614052,11,529,0.5958
"81","2017","Klay Thompson",1386,0.469387755102041,0.00126830393174221,-0.00887311446317657,0.106290672451193,9,688,0.4792
"82","2017","Kristaps Porzingis",983,0.352112676056338,-0.105124166048925,-0.0832614736035259,0.0724489795918367,8,525,0.961
"83","2017","Kyrie Irving",1432,0.493827160493827,0.0221736171867405,0.027807743018099,0.113365990202939,11,706,0.2798
"84","2017","LaMarcus Aldridge",1049,0.480392156862745,0.00415139656707458,-0.0158484446410143,0.0975143403441683,11,539,0.4406
"85","2017","LeBron James",1361,0.504950495049505,-0.0507009285915649,-0.130563523642084,0.148748159057437,9,694,0.905
"86","2017","Lou Williams",998,0.451219512195122,0.025455320055384,-0.00280347631062516,0.0824120603015075,9,492,0.3068
"87","2017","Marc Gasol",1167,0.368932038834951,-0.100052923571064,-0.117255806468916,0.0884879725085911,9,583,0.972
"88","2017","Marcus Morris",1009,0.366197183098592,-0.0549115589056728,-0.00941257299896942,0.0705765407554672,6,486,0.795
"89","2017","Mike Conley",1009,0.470588235294118,0.0119333290096634,0.0125237191650854,0.101391650099404,9,509,0.3988
"90","2017","Nicolas Batum",974,0.379310344827586,-0.0257114892335492,-0.0581896551724138,0.0597322348094748,7,486,0.63
"91","2017","Nikola Vucevic",1033,0.46875,0.00130069370330843,-0.0664612676056338,0.0932038834951456,10,539,0.4618
"92","2017","Paul George",1365,0.415254237288136,-0.049060117162546,-0.0655149934810952,0.0866372980910426,8,700,0.8382
"93","2017","Paul Millsap",975,0.320512820512821,-0.132107023411371,-0.15630837154016,0.0802469135802469,6,503,0.9862
"94","2017","Russell Westbrook",1966,0.423076923076923,-0.00454738631534213,-0.00124740124740125,0.0794701986754967,7,949,0.5288
"95","2017","Serge Ibaka",983,0.415841584158416,-0.0705529736647134,-0.095436611330306,0.103061224489796,9,511,0.8992
"96","2017","Stephen Curry",1459,0.373015873015873,-0.104103406804082,-0.164672569195182,0.0865384615384615,7,751,0.9862
"97","2017","Tobias Harris",1063,0.364583333333333,-0.127660720441227,-0.0969551282051282,0.0905660377358491,7,552,0.9912
"98","2017","Victor Oladipo",929,0.457142857142857,0.0147680026609014,0.0267631103074141,0.0755939524838013,7,475,0.3614
"99","2017","Wilson Chandler",939,0.452380952380952,-0.00960735171261484,0.0208741030658839,0.0897435897435897,7,483,0.5552
"100","2017","Zach Randolph",962,0.477272727272727,0.0299043062200957,0.019208211143695,0.091762252346194,7,472,0.271
"101","2018","Andrew Wiggins",1300,0.411111111111111,-0.0285583103764922,-0.0912144702842378,0.0693909020817271,8,665,0.6984
"102","2018","Anthony Davis",1450,0.446153846153846,-0.098866074164879,-0.0979638009049773,0.134761575673808,8,754,0.9954
"103","2018","Ben Simmons",1004,0.517857142857143,-0.0347744360902256,-0.0421428571428571,0.167832167832168,11,482,0.774
"104","2018","Blake Griffin",995,0.266666666666667,-0.1825311942959,-0.230148619957537,0.0604838709677419,5,514,0.9992
"105","2018","Bradley Beal",1476,0.418918918918919,-0.0456895148160208,-0.0138541903247786,0.100475220638153,8,719,0.832
"106","2018","Buddy Hield",929,0.45,0.00488540410132693,0.0264705882352941,0.107991360691145,10,425,0.4372
"107","2018","CJ McCollum",1505,0.398373983739837,-0.0488040191545186,-0.0625635162601626,0.0818908122503329,10,746,0.8394
"108","2018","Carmelo Anthony",1152,0.410958904109589,0.00873462236723499,-0.0868765937259088,0.0635335073977372,6,558,0.4166
"109","2018","Damian Lillard",1428,0.458333333333333,0.0187308868501529,0.00685654008438819,0.0842105263157895,9,733,0.3246
"110","2018","DeMar DeRozan",1426,0.442622950819672,-0.0159660062355426,-0.0641643794970699,0.0857343640196767,7,735,0.6072
"111","2018","Dennis Schroder",1145,0.4,-0.0394366197183099,-0.0406779661016949,0.0700525394045534,8,604,0.749
"112","2018","Dennis Smith Jr.",1033,0.272727272727273,-0.126666053865245,-0.187668766876688,0.0427184466019417,6,538,0.97
"113","2018","Devin Booker",1054,0.3375,-0.101925051334702,-0.0718264248704663,0.0761179828734539,8,520,0.9552
"114","2018","Donovan Mitchell",1371,0.464285714285714,0.030608192442982,-0.00379939209726443,0.0818713450292398,9,698,0.2484
"115","2018","Dwight Howard",911,0.582822085889571,0.0333568452478593,-0.00384458077709615,0.179515418502203,12,451,0.1982
"116","2018","Eric Bledsoe",991,0.476635514018692,0.00491605700511694,0.0461719378597512,0.1082995951417,9,488,0.4392
"117","2018","Eric Gordon",967,0.383333333333333,-0.0488607129731716,-0.0684738955823293,0.0622406639004149,6,502,0.7646
"118","2018","Gary Harris",908,0.4375,-0.0526477832512315,-0.0797413793103449,0.106077348066298,10,461,0.8178
"119","2018","Giannis Antetokounmpo",1416,0.492462311557789,-0.0416379349500171,-0.0690761499806726,0.140835102618542,9,730,0.8612
"120","2018","Goran Dragic",1078,0.397959183673469,-0.0571428571428572,-0.0514790185737216,0.0911627906976744,8,535,0.852
"121","2018","Harrison Barnes",1207,0.313253012048193,-0.14137332247138,-0.138523637698,0.068936877076412,6,624,0.9954
"122","2018","Jamal Murray",1076,0.40625,-0.0508928571428571,-0.09375,0.0894687791239515,7,559,0.8192
"123","2018","James Harden",1467,0.458015267175573,0.0119074827444348,0.00462543666709792,0.0894808743169399,11,746,0.3808
"124","2018","Jimmy Butler",921,0.483516483516484,0.010022507612869,-0.0555460164835165,0.0991285403050109,8,469,0.3976
"125","2018","Joel Embiid",1072,0.438095238095238,-0.0520805633525385,-0.100967261904762,0.09822263797942,7,561,0.8398
"126","2018","Jordan Clarkson",954,0.445945945945946,-0.00519041769041767,-0.0131735509094,0.0778128286014721,9,474,0.5114
"127","2018","Josh Jackson",930,0.439393939393939,0.0238846801346801,0.0564152159896841,0.0711974110032362,7,450,0.3412
"128","2018","Jrue Holiday",1226,0.456375838926175,-0.0468739289475488,-0.0370452137054044,0.121831561733442,9,622,0.8444
"129","2018","Julius Randle",903,0.485507246376812,-0.0844273941460642,-0.0144927536231884,0.153333333333333,8,460,0.9684
"130","2018","Jusuf Nurkic",951,0.486725663716814,-0.0204342408177921,-0.0793120721322425,0.119198312236287,12,483,0.663
"131","2018","Karl-Anthony Towns",1182,0.497076023391813,-0.0578201190414215,-0.141221848948613,0.145038167938931,8,617,0.913
"132","2018","Kemba Walker",1373,0.496,0.0705192307692308,0.0722081784386617,0.0912408759124088,13,634,0.0582
"133","2018","Kevin Durant",1216,0.52,0.00405253283302065,0,0.12366034624897,11,627,0.4478
"134","2018","Khris Middleton",1271,0.425925925925926,-0.044409413712939,-0.0771043771043771,0.0851735015772871,7,683,0.8066
"135","2018","Klay Thompson",1171,0.484615384615385,0.000465528707603635,-0.0564805057955743,0.111301369863014,9,605,0.4802
"136","2018","Kyle Kuzma",1057,0.494505494505495,0.0462653288740246,-0.0023097921187093,0.0863377609108159,10,547,0.1848
"137","2018","Kyle Lowry",954,0.357142857142857,-0.072721396250808,-0.0555555555555555,0.0736067297581493,6,475,0.8664
"138","2018","Kyrie Irving",1103,0.515384615384615,0.0292592299786544,0.00558069381598791,0.118181818181818,16,550,0.243
"139","2018","LaMarcus Aldridge",1348,0.530054644808743,0.0236168765683998,-0.0255009107468124,0.136059479553903,8,676,0.258
"140","2018","LeBron James",1596,0.520661157024793,-0.0280833038319274,-0.0675741370928536,0.151914626490898,9,817,0.7778
"141","2018","Lou Williams",1338,0.4,-0.037956204379562,-0.063519313304721,0.0786516853932584,6,670,0.7528
"142","2018","Marc Gasol",1033,0.452054794520548,0.0343464611872146,-0.0479452054794521,0.070873786407767,9,500,0.2608
"143","2018","Nikola Jokic",1008,0.496,-0.0045662514156285,0.0198095238095238,0.124378109452736,10,507,0.538
"144","2018","Paul George",1338,0.45045045045045,0.0225775898147537,0.0457811897500613,0.0831460674157303,8,640,0.294
"145","2018","Russell Westbrook",1684,0.48125,0.0350557742782152,0.0551331615120275,0.0951814396192742,9,819,0.185
"146","2018","TJ Warren",1061,0.444444444444444,-0.0620350371970243,-0.0990338164251208,0.127599243856333,9,525,0.9014
"147","2018","Taurean Prince",981,0.454545454545455,0.0308728881737731,0.0299644489588624,0.0787321063394683,8,478,0.2678
"148","2018","Tobias Harris",1211,0.463414634146341,0.00385581061692974,-0.0365853658536585,0.10182119205298,11,597,0.4442
"149","2018","Victor Oladipo",1347,0.509933774834437,0.0366896276772465,-0.00801494311428086,0.11235119047619,12,658,0.177
"150","2018","Will Barton",1029,0.459183673469388,0.00805585392051561,0.00463821892393323,0.0955165692007797,7,512,0.4282
"151","2019","Aaron Gordon",1046,0.418367346938776,-0.0341642986308447,-0.0279603366770437,0.0939597315436242,7,505,0.7084
"152","2019","Andre Drummond",1054,0.582857142857143,0.0595351860880871,0.0464935064935065,0.16650808753568,12,494,0.0686
"153","2019","Andrew Wiggins",1210,0.347222222222222,-0.068419254051943,-0.0664141414141414,0.0596520298260149,8,619,0.8742
"154","2019","Blake Griffin",1349,0.488372093023256,0.0293556995806328,-0.0200077952449006,0.0958395245170877,7,702,0.2462
"155","2019","Bojan Bogdanovic",1049,0.491666666666667,-0.00671869393613206,-0.0297008547008548,0.11472275334608,10,536,0.5444
"156","2019","Bradley Beal",1619,0.415094339622642,-0.0657275781855777,-0.111691374663073,0.0983910891089109,8,820,0.94
"157","2019","Buddy Hield",1360,0.366071428571429,-0.100274725274725,-0.177406832298137,0.0825350036845984,9,726,0.9784
"158","2019","CJ McCollum",1243,0.473684210526316,0.0157568411729057,-0.010851871947911,0.0919354838709677,9,635,0.3566
"159","2019","Collin Sexton",1206,0.301204819277108,-0.138688324088875,-0.149499406075004,0.0689941812136326,7,603,0.9916
"160","2019","D'Angelo Russell",1522,0.421052631578947,-0.0143166866028708,-0.056390977443609,0.0750493745885451,7,759,0.5988
"161","2019","Damian Lillard",1550,0.455284552845528,0.0130981477999783,0.051510967939868,0.0795087265675501,8,787,0.3594
"162","2019","De'Aaron Fox",1105,0.447916666666667,-0.0109535018169805,-0.0674207566462168,0.0871143375680581,8,573,0.5614
"163","2019","DeMar DeRozan",1313,0.441860465116279,-0.0429368321810182,-0.0998062015503876,0.0984732824427481,9,681,0.8124
"164","2019","Dennis Schroder",1103,0.453333333333333,0.0428274967574578,0.0704504504504505,0.0681818181818182,9,549,0.2094
"165","2019","Devin Booker",1256,0.503937007874016,0.0406952009652469,-0.0435490256455373,0.101356743814844,8,624,0.1864
"166","2019","Donovan Mitchell",1540,0.482517482517482,0.0537415340564947,0.0407366605996743,0.0930383864671438,8,731,0.1074
"167","2019","Evan Fournier",1069,0.457446808510638,0.0215493726132024,0.00858317214700194,0.0881801125703565,8,531,0.3338
"168","2019","Giannis Antetokounmpo",1271,0.513636363636364,-0.0810353775624946,0.000122850122850182,0.173501577287066,11,668,0.9864
"169","2019","Harrison Barnes",1026,0.379310344827586,-0.0432103163294386,-0.132884777123633,0.0566959921798631,7,534,0.7392
"170","2019","JJ Redick",1028,0.442105263157895,0.00266260506571897,0.0113360323886639,0.0926829268292683,8,487,0.4584
"171","2019","Jamal Murray",1173,0.452380952380952,0.0162009707464253,0.0101698971045704,0.0717948717948718,7,602,0.3642
"172","2019","James Harden",1922,0.383561643835616,-0.0618212390472664,-0.0891656288916563,0.0760812923397603,8,971,0.9312
"173","2019","Jayson Tatum",1060,0.418367346938776,-0.0358946073231787,-0.016156462585034,0.0927152317880795,9,529,0.7202
"174","2019","Joel Embiid",1211,0.446969696969697,-0.0395919341702474,-0.114320625610948,0.109271523178808,7,626,0.788
"175","2019","Jordan Clarkson",1181,0.479591836734694,0.0345318182674731,0.032783326096396,0.0831918505942275,8,608,0.2408
"176","2019","Jrue Holiday",1157,0.434426229508197,-0.0428684564821414,-0.0655737704918033,0.105719237435009,8,588,0.7868
"177","2019","Julius Randle",1087,0.479452054794521,-0.0529602725168504,-0.106406531064065,0.134686346863469,10,567,0.874
"178","2019","Karl-Anthony Towns",1322,0.525714285714286,0.00784157429318721,0.0563265306122449,0.13267626990144,8,674,0.3998
"179","2019","Kawhi Leonard",1143,0.447761194029851,-0.0547165066639054,-0.0901698404529078,0.117543859649123,10,568,0.8694
"180","2019","Kemba Walker",1693,0.49079754601227,0.0640001603913549,0.0772172990986897,0.0964497041420118,12,815,0.0582
"181","2019","Kevin Durant",1398,0.542105263157895,0.0222377134890206,-0.0453073242546926,0.136200716845878,10,705,0.2636
"182","2019","Khris Middleton",1161,0.521367521367521,0.0884173297966402,0.105099578783789,0.101036269430052,9,555,0.0366
"183","2019","Klay Thompson",1417,0.516778523489933,0.0554220566129613,0.0485967053081147,0.105374823196605,14,715,0.086
"184","2019","Kyle Kuzma",1114,0.317647058823529,-0.152712513576859,-0.167015517863587,0.0765076507650765,5,580,0.9984
"185","2019","Kyrie Irving",1253,0.496402877697842,0.0107655347894037,0.0316969953449006,0.1112,9,623,0.3942
"186","2019","LaMarcus Aldridge",1321,0.506024096385542,-0.0143222239607782,0.00952059988204562,0.125948406676783,8,672,0.6304
"187","2019","LeBron James",1113,0.380530973451327,-0.143469026548673,-0.0810074880871341,0.101801801801802,8,591,0.9984
"188","2019","Lou Williams",1140,0.489583333333333,0.0710009578544061,0.0540277777777778,0.0844327176781003,7,561,0.0838
"189","2019","Luka Doncic",1199,0.342105263157895,-0.0897736326568871,-0.0578947368421053,0.0635451505016722,7,608,0.9476
"190","2019","Mike Conley",1120,0.378048780487805,-0.0641477513041026,-0.0730381760339343,0.0734109221128021,7,578,0.8672
"191","2019","Nikola Jokic",1210,0.534591194968553,0.0265036592882489,-0.0765199161425577,0.131731565865783,14,626,0.2452
"192","2019","Nikola Vucevic",1356,0.491228070175439,-0.0311347990228736,-0.0472334682860999,0.126385809312639,8,700,0.7756
"193","2019","Paul George",1626,0.441860465116279,0.00298270960525704,0.0296740851879637,0.0794824399260629,8,810,0.4654
"194","2019","Reggie Jackson",1048,0.397260273972603,-0.0263294696171409,-0.0714897260273973,0.0698564593301435,9,529,0.6506
"195","2019","Russell Westbrook",1491,0.466101694915254,0.0422124013974101,0.0606034131283126,0.0793010752688172,8,723,0.174
"196","2019","Stephen Curry",1363,0.472868217054264,0.00528312791325869,-0.0116678654199632,0.0948529411764706,8,693,0.445
"197","2019","Terrence Ross",1027,0.452380952380952,0.0260819067818007,0.095945308816596,0.08203125,8,493,0.3082
"198","2019","Tobias Harris",1253,0.55952380952381,0.083026113671275,0.14952380952381,0.1344,8,600,0.0244
"199","2019","Trae Young",1276,0.505050505050505,0.0938355517794771,0.0736779560308972,0.0777690494893951,9,624,0.033
"200","2019","Zach LaVine",1134,0.492063492063492,0.0277777777777777,0.0610290093048714,0.111405835543767,8,557,0.2554
"201","2020","Andrew Wiggins",944,0.397435897435897,-0.05752946053177,-0.0462727118356258,0.0828905419766206,5,481,0.8168
"202","2020","Anthony Davis",1100,0.478991596638655,-0.0266149273164923,-0.107785262865477,0.108477666362808,12,576,0.7006
"203","2020","Bojan Bogdanovic",935,0.391304347826087,-0.0601968069083241,-0.129528985507246,0.0740343347639485,6,484,0.83
"204","2020","Bradley Beal",1303,0.495412844036697,0.0439890584420574,0.0276709085528263,0.0838461538461538,10,682,0.1638
"205","2020","Brandon Ingram",1100,0.45,-0.013265306122449,0.00135135135135134,0.109389243391067,8,516,0.5822
"206","2020","Buddy Hield",1148,0.383561643835616,-0.0480662631411278,0.00393201420598677,0.0637554585152838,6,592,0.7924
"207","2020","CJ McCollum",1300,0.411214953271028,-0.0397490031413777,-0.057535046728972,0.0824980724749422,7,642,0.7758
"208","2020","Chris Paul",900,0.45,-0.04625,-0.0581967213114754,0.111482720178372,8,451,0.785
"209","2020","Collin Sexton",1101,0.456896551724138,-0.0192455802555574,-0.0465048088200797,0.105646630236794,8,564,0.628
"210","2020","D'Angelo Russell",845,0.508474576271186,0.0886272480269116,0.113737734165923,0.0700712589073634,8,433,0.0552
"211","2020","Damian Lillard",1348,0.493150684931507,0.0339160759464819,0.0436094005278371,0.108550185873606,8,637,0.2062
"212","2020","DeMar DeRozan",1049,0.486111111111111,-0.0520104358502149,-0.113888888888889,0.137667304015296,6,552,0.8784
"213","2020","Dennis Schroder",966,0.395061728395062,-0.0806444862942038,-0.112514029180696,0.0841121495327103,7,493,0.9238
"214","2020","Devin Booker",1276,0.410852713178295,-0.0869676878679129,-0.192088463292294,0.101335428122545,9,667,0.9706
"215","2020","Devonte' Graham",970,0.36,-0.0236956521739131,0.0191928251121076,0.0517063081695967,6,478,0.6062
"216","2020","Dillon Brooks",1043,0.306451612903226,-0.108431159777712,-0.0809357744841616,0.0596153846153846,5,507,0.9444
"217","2020","Domantas Sabonis",848,0.495726495726496,-0.0514691267085248,0.0273720653467489,0.138461538461538,10,437,0.8394
"218","2020","Donovan Mitchell",1352,0.262626262626263,-0.199464719017792,-0.198158051099228,0.0733876945885841,6,700,1
"219","2020","Evan Fournier",930,0.328358208955224,-0.149046194289272,-0.196231954979202,0.0722761596548004,7,499,0.993
"220","2020","Giannis Antetokounmpo",1259,0.491978609625668,-0.0723870620161226,-0.174688057040998,0.148885350318471,9,667,0.9652
"221","2020","Ja Morant",930,0.446808510638298,-0.0316603888832332,-0.0619634191862636,0.101402373247033,7,492,0.7024
"222","2020","Jamal Murray",882,0.461538461538462,0.00507079984691927,-0.00222965440356743,0.0887372013651877,7,440,0.4492
"223","2020","James Harden",1523,0.442857142857143,-0.000382191922322084,-0.0106312292358804,0.0921052631578947,7,750,0.4834
"224","2020","Jaylen Brown",887,0.493827160493827,0.0136782771191373,0.00259909031838856,0.0916289592760181,8,468,0.3754
"225","2020","Jayson Tatum",1235,0.415254237288136,-0.0377448674567167,-0.0166706453409724,0.0957792207792208,7,591,0.7662
"226","2020","Jordan Clarkson",868,0.376811594202899,-0.0837641254466634,-0.161067193675889,0.0797687861271676,6,447,0.911
"227","2020","Jrue Holiday",1006,0.393258426966292,-0.068028377831963,-0.0498553454887977,0.0887337986041874,6,489,0.8812
"228","2020","Julius Randle",1004,0.382716049382716,-0.0853229538675548,-0.183655632033213,0.0809190809190809,8,557,0.9308
"229","2020","Kawhi Leonard",1139,0.5,0.0317693059628544,0.0125,0.102112676056338,7,583,0.246
"230","2020","Kelly Oubre Jr.",826,0.422535211267606,-0.0317694244939838,-0.132010243277849,0.086269744835966,7,448,0.6768
"231","2020","Kemba Walker",907,0.428571428571429,0.002065404475043,0.0772200772200772,0.0851769911504425,7,438,0.4672
"232","2020","Kendrick Nunn",925,0.44047619047619,-0.000665307740218557,-0.00464576074332174,0.0911062906724512,10,462,0.4834
"233","2020","Khris Middleton",954,0.537190082644628,0.0473941642772812,0.0243695698241153,0.127234490010515,8,483,0.1612
"234","2020","Kristaps Porzingis",932,0.433333333333333,0.00672782874617739,-0.00119047619047619,0.0645855758880517,7,458,0.4162
"235","2020","LeBron James",1305,0.463768115942029,-0.0332327409560002,-0.079278241673865,0.105990783410138,8,688,0.7548
"236","2020","Lou Williams",924,0.266666666666667,-0.160416666666667,-0.152327746741155,0.0651465798045603,6,464,0.9896
"237","2020","Luka Doncic",1271,0.466666666666667,0.00272227048942947,-0.0222222222222222,0.0946372239747634,7,655,0.4554
"238","2020","Nikola Joki",1062,0.531645569620253,0.00730928643441242,-0.042428504453821,0.149197355996223,12,528,0.4192
"239","2020","Nikola Vucevic",1033,0.433333333333333,-0.0481088723930718,-0.0519607843137255,0.087378640776699,7,545,0.8136
"240","2020","Pascal Siakam",1114,0.509090909090909,0.059887721839913,-0.0242424242424243,0.099009900990099,8,547,0.0992
"241","2020","Russell Westbrook",1291,0.515625,0.0513085769561479,0.035625,0.0993788819875776,9,653,0.1126
"242","2020","Shai Gilgeous-Alexander",1028,0.433962264150943,-0.0421765644824622,-0.030090023430756,0.103414634146341,7,511,0.7772
"243","2020","Spencer Dinwiddie",1020,0.36,-0.0585567010309279,-0.172051282051282,0.0491642084562439,6,556,0.811
"244","2020","T.J. Warren",997,0.582857142857143,0.0573096976016684,0.113830594184576,0.176056338028169,11,473,0.0856
"245","2020","Terrence Ross",846,0.454545454545455,0.0550511435467188,0.025974025974026,0.0652431791221827,7,417,0.191
"246","2020","Terry Rozier",943,0.467532467532468,0.0495186107195345,0.0554445554445555,0.0819148936170213,10,461,0.188
"247","2020","Tim Hardaway Jr.",884,0.45679012345679,0.0246606091354949,0.0181936322287199,0.0919409761634506,7,407,0.3242
"248","2020","Tobias Harris",1173,0.47787610619469,0.0071213892135582,-0.0587092596589683,0.0965811965811966,12,592,0.415
"249","2020","Trae Young",1254,0.42,-0.020207972270364,-0.0557281553398059,0.0799360511590727,9,621,0.6294
"250","2020","Zach LaVine",1200,0.352941176470588,-0.105164470159649,-0.137058823529412,0.0852130325814536,7,591,0.976
"251","2021","Andrew Wiggins",1058,0.420560747663551,-0.0631406193185727,-0.0120633658116259,0.101421800947867,8,538,0.8828
"252","2021","Anthony Edwards",1209,0.34375,-0.0780840611353712,-0.111649061032864,0.0530679933665008,6,631,0.9074
"253","2021","Bojan Bogdanovic",925,0.505882352941176,0.0737394957983193,0.0713585434173669,0.0921908893709328,8,444,0.0912
"254","2021","Bradley Beal",1398,0.432624113475177,-0.0598182095160717,-0.112830431979368,0.101075268817204,9,714,0.9098
"255","2021","Brandon Ingram",1101,0.401869158878505,-0.0709678632542921,-0.0800585519648688,0.0974499089253188,8,563,0.9064
"256","2021","Buddy Hield",992,0.453333333333333,0.050934205743366,0.049745889387145,0.0758341759352882,10,463,0.183
"257","2021","CJ McCollum",884,0.470588235294118,0.013767209011264,0.0191993464052287,0.0964812712826334,8,441,0.383
"258","2021","Chris Paul",885,0.514563106796116,0.0171206515531497,0.060017652250662,0.116780045351474,12,440,0.3388
"259","2021","Coby White",902,0.403846153846154,-0.0126244343891402,-0.105587808417997,0.0578420467185762,7,471,0.541
"260","2021","Collin Sexton",1105,0.449152542372881,-0.0290642762694692,-0.0407803435331589,0.107078039927405,8,557,0.7106
"261","2021","Damian Lillard",1354,0.439655172413793,-0.0143028243551891,-0.00478927203065133,0.0858623242042931,11,703,0.5872
"262","2021","De'Aaron Fox",1110,0.378947368421053,-0.106766917293233,-0.152302631578947,0.0858175248419151,8,611,0.982
"263","2021","DeMar DeRozan",920,0.457943925233645,-0.0414410686162937,-0.107273466070703,0.116684841875682,7,458,0.7764
"264","2021","Dejounte Murray",974,0.478723404255319,0.0287234042553192,-0.00828958275766783,0.0968074150360453,10,481,0.2786
"265","2021","Devin Booker",1287,0.47972972972973,-0.00490591557316755,-0.00903431521409048,0.115264797507788,7,644,0.5122
"266","2021","Dillon Brooks",1031,0.356164383561644,-0.0676351989018217,-0.0503776725131225,0.071011673151751,7,499,0.848
"267","2021","Domantas Sabonis",906,0.534351145038168,-0.00113272592957403,0.0162788558815414,0.145071982281285,11,471,0.4882
"268","2021","Donovan Mitchell",1104,0.345238095238095,-0.100840336134454,-0.0526676639242084,0.0762942779291553,6,554,0.9602
"269","2021","Fred VanVleet",870,0.36734693877551,-0.0224216361331377,0.038844523316573,0.0565167243367935,6,412,0.5932
"270","2021","Giannis Antetokounmpo",1116,0.639269406392694,0.0796261510972648,0.0678408349641226,0.196765498652291,20,558,0.0136
"271","2021","Ja Morant",957,0.438202247191011,-0.0122585823020763,-0.0258500403906881,0.0932914046121593,7,474,0.5678
"272","2021","Jaylen Brown",1122,0.481751824817518,-0.00555781985253251,-0.0182481751824817,0.122430741733691,11,544,0.53
"273","2021","Jayson Tatum",1334,0.433628318584071,-0.0291071441513919,-0.0582635733078211,0.0848985725018783,7,700,0.7096
"274","2021","Jerami Grant",931,0.418918918918919,-0.0116528430414078,-0.013829619092777,0.0797413793103448,6,460,0.553
"275","2021","Joel Embiid",900,0.556390977443609,0.0518277440668163,0.0321191327834148,0.148272017837235,10,445,0.1292
"276","2021","Jordan Clarkson",1075,0.361111111111111,-0.0685997562866955,-0.111416361416361,0.0671641791044776,6,557,0.866
"277","2021","Jrue Holiday",824,0.488372093023256,-0.0156929476271507,-0.0116279069767442,0.104750304506699,9,431,0.6078
"278","2021","Julius Randle",1324,0.472222222222222,0.017452485380117,0.0153694303440496,0.0817562452687358,8,696,0.328
"279","2021","Karl-Anthony Towns",875,0.53,0.05,-0.0414285714285714,0.114678899082569,10,466,0.155
"280","2021","Kawhi Leonard",916,0.491379310344828,-0.0223706896551725,-0.124782305816789,0.127053669222344,10,460,0.6548
"281","2021","Khris Middleton",1074,0.433628318584071,-0.0471209009788844,-0.0565677598473017,0.105508870214753,9,535,0.8136
"282","2021","Kyrie Irving",1101,0.489208633093525,-0.0211863773014851,-0.00697457301334503,0.126593806921676,10,570,0.6754
"283","2021","LeBron James",829,0.474747474747475,-0.0416908814169089,-0.0197580197580198,0.119854721549637,9,426,0.771
"284","2021","Luka Doncic",1358,0.473214285714286,-0.00591894060995185,-0.0511759581881533,0.0826568265682657,8,725,0.5352
"285","2021","Malcolm Brogdon",979,0.428571428571429,-0.0277282309064375,-0.0165898617511521,0.100409836065574,7,470,0.6666
"286","2021","Michael Porter Jr.",817,0.557251908396947,0.0178933078138562,-0.0238291726841344,0.160933660933661,9,409,0.3318
"287","2021","Nikola Jokic",1297,0.478468899521531,-0.105170806360822,-0.154184161702959,0.161514683153014,8,664,0.998
"288","2021","Nikola Vucevic",1403,0.430656934306569,-0.0503857197218667,-0.0567802516230789,0.0978571428571429,8,719,0.859
"289","2021","Norman Powell",918,0.460674157303371,-0.0182160718884266,-0.0433908833470357,0.0972677595628415,8,457,0.6052
"290","2021","Pascal Siakam",961,0.328767123287671,-0.136322966802419,-0.151232876712329,0.0762004175365344,7,497,0.9862
"291","2021","Paul George",961,0.477477477477477,0.0092421833598304,-0.00304200304200303,0.115866388308977,7,468,0.4154
"292","2021","RJ Barrett",1060,0.460674157303371,0.0219511912889527,0.0337078651685394,0.0842005676442762,9,531,0.3298
"293","2021","Russell Westbrook",1238,0.358024691358025,-0.0870919897137126,-0.155064313877577,0.065587044534413,8,648,0.9436
"294","2021","Stephen Curry",1384,0.432835820895522,-0.0551641791044776,-0.0312525768945329,0.0970311368573498,8,715,0.8858
"295","2021","Terry Rozier",1133,0.489795918367347,0.043419106773144,0.00892160142745624,0.0867256637168142,8,567,0.1872
"296","2021","Tim Hardaway Jr.",911,0.462365591397849,0.0173778163367247,0.090937019969278,0.102422907488987,7,432,0.3664
"297","2021","Tobias Harris",924,0.491666666666667,-0.0232587064676618,0.013034188034188,0.130293159609121,7,447,0.6582
"298","2021","Trae Young",1112,0.470588235294118,0.0353399392863279,-0.00223785166240409,0.0766456266907124,8,572,0.2374
"299","2021","Zach LaVine",1133,0.519083969465649,0.014093949505569,-0.0323178996932296,0.115929203539823,8,601,0.35
"300","2021","Zion Williamson",1046,0.633620689655172,0.0291980852325679,0.0264778325123153,0.222435282837967,15,506,0.1894
"301","2022","Andrew Wiggins",1026,0.448979591836735,-0.0197704081632653,-0.0578697232317585,0.0957966764418377,11,531,0.632
"302","2022","Anthony Edwards",1244,0.367816091954023,-0.0790291975878958,-0.0643447120660775,0.0701047542304593,8,659,0.927
"303","2022","Brandon Ingram",982,0.333333333333333,-0.140409683426443,-0.102908277404922,0.0888661899897855,6,502,0.9934
"304","2022","Buddy Hield",1097,0.412698412698413,0.00650885757268732,0.0273773117809815,0.0575868372943327,5,531,0.429
"305","2022","CJ McCollum",1164,0.404494382022472,-0.0606218970472955,-0.0793765857194636,0.0766580534022395,7,625,0.874
"306","2022","Cade Cunningham",1031,0.477777777777778,0.0675758649191168,0.111261940673705,0.0875486381322957,7,477,0.109
"307","2022","Darius Garland",1185,0.415094339622642,-0.0510780422123909,-0.0651316490779235,0.089678510998308,7,607,0.8298
"308","2022","De'Aaron Fox",1092,0.471910112359551,-0.000672140880728589,0.0365359626996866,0.0817263544536272,8,589,0.4752
"309","2022","DeMar DeRozan",1543,0.475247524752475,-0.0333281650312682,-0.0443055478732231,0.131168831168831,10,783,0.7972
"310","2022","Dejounte Murray",1252,0.486725663716814,0.0257950228037325,0.0642657706686858,0.0904723779023219,9,654,0.2762
"311","2022","Desmond Bane",1101,0.425742574257426,-0.0392574257425743,-0.00282885431400282,0.0919854280510018,8,554,0.7518
"312","2022","Devin Booker",1440,0.453333333333333,-0.014108527131783,-0.0172549019607843,0.104384133611691,9,710,0.6006
"313","2022","Donovan Mitchell",1377,0.383177570093458,-0.0703657369931562,-0.110155763239875,0.0778748180494905,8,689,0.925
"314","2022","Franz Wagner",975,0.397849462365591,-0.0772072269768123,-0.119633055116926,0.095679012345679,6,499,0.9108
"315","2022","Fred VanVleet",1101,0.397435897435897,-0.00627866756899015,-0.0460423634336678,0.0710382513661202,9,525,0.522
"316","2022","Gary Trent Jr.",1086,0.405405405405405,-0.00961435744044437,0.0393339768339769,0.0683287165281625,8,537,0.5558
"317","2022","Giannis Antetokounmpo",1265,0.5,-0.0671361502347417,-0.217391304347826,0.158478605388273,12,651,0.9532
"318","2022","Ja Morant",1183,0.5,0.00811843361986631,-0.0208333333333334,0.115254237288136,9,591,0.4122
"319","2022","Jalen Brunson",1008,0.383333333333333,-0.134684684684685,-0.144666666666667,0.119402985074627,7,500,0.996
"320","2022","James Harden",992,0.368421052631579,-0.0444131719673516,-0.0680430357662111,0.057633973710819,6,506,0.7382
"321","2022","Jaren Jackson Jr.",1036,0.434782608695652,0.0211321433388786,0.00846681922196796,0.0667957405614714,7,519,0.3406
"322","2022","Jaylen Brown",1217,0.5,0.0296803652968037,0.0454545454545455,0.100494233937397,8,619,0.2416
"323","2022","Jayson Tatum",1574,0.449275362318841,-0.00337087723547697,-0.0271025904370649,0.0878421387651178,9,800,0.4866
"324","2022","Joel Embiid",1354,0.549132947976879,0.0537900182563028,0.0211826374178724,0.128053293856403,11,687,0.0816
"325","2022","Jordan Clarkson",1113,0.416666666666667,-0.00216138328530258,-0.00438596491228066,0.0648648648648649,6,565,0.495
"326","2022","Jordan Poole",1058,0.473118279569892,0.0275224246476127,0.0437065148640102,0.0881516587677725,9,546,0.2982
"327","2022","Julius Randle",1246,0.277777777777778,-0.141302290365323,-0.150793650793651,0.0579243765084473,5,618,0.9922
"328","2022","Karl-Anthony Towns",1221,0.543478260869565,0.0169594566265565,0.0514147688060732,0.151067323481117,10,615,0.321
"329","2022","Keldon Johnson",1011,0.539823008849557,0.083252852947553,0.0331563421828908,0.112103174603175,12,482,0.0452
"330","2022","Kevin Durant",1114,0.50625,-0.0147143605870022,-0.0310634328358209,0.144014401440144,9,534,0.6212
"331","2022","Khris Middleton",1030,0.301369863013699,-0.148995863214097,-0.192301023062251,0.071080817916261,6,535,0.9944
"332","2022","LaMelo Ball",1265,0.402061855670103,-0.0311573224120887,-0.0206654170571696,0.0768621236133122,6,632,0.7012
"333","2022","LeBron James",1245,0.540372670807453,0.020077467855424,-0.0284346686420879,0.12962962962963,10,652,0.2796
"334","2022","Luka Doncic",1409,0.415929203539823,-0.0447189446083252,-0.109843992336466,0.0803698435277383,8,735,0.8242
"335","2022","Miles Bridges",1213,0.488888888888889,-0.00276231704803137,0.00613026819923368,0.111570247933884,8,634,0.5052
"336","2022","Nikola Jokic",1316,0.611111111111111,0.0340434419381789,0.00396825396825407,0.191926884996192,12,655,0.1472
"337","2022","Nikola Vucevic",1154,0.463414634146341,-0.0108821650777128,0.0116074052306788,0.106863596872285,7,569,0.5564
"338","2022","Pascal Siakam",1207,0.48936170212766,-0.00500978004870067,-0.058083553346793,0.117109634551495,8,634,0.5324
"339","2022","RJ Barrett",1194,0.469135802469136,0.0657216066021097,0.054793172987064,0.0680100755667506,7,574,0.1098
"340","2022","Reggie Jackson",1222,0.350877192982456,-0.0431142233265567,-0.0360959870941722,0.0467596390484003,6,610,0.741
"341","2022","Russell Westbrook",1232,0.397959183673469,-0.0508944318468128,-0.0443485086342229,0.0797396257119609,10,622,0.8132
"342","2022","Saddiq Bey",1136,0.391304347826087,-0.00513426510737131,-0.0185317177476835,0.0609002647837599,6,545,0.5044
"343","2022","Shai Gilgeous-Alexander",1051,0.544554455445545,0.100343929129755,0.0885104994015886,0.0963740458015267,10,511,0.019
"344","2022","Stephen Curry",1253,0.397849462365591,-0.046116054875788,-0.0215053763440861,0.0744,10,635,0.7992
"345","2022","Terry Rozier",1168,0.474747474747475,0.0332133306876057,0.0476117963555149,0.0849785407725322,8,584,0.2538
"346","2022","Tobias Harris",1022,0.452173913043478,-0.0340443890513398,-0.101672240802676,0.112855740922473,8,501,0.7398
"347","2022","Trae Young",1557,0.440789473684211,-0.0211322345008429,-0.052717019822283,0.0978120978120978,10,782,0.6588
"348","2022","Tyler Herro",1122,0.4,-0.0505813953488372,-0.025414364640884,0.0804289544235925,8,578,0.8162
"349","2022","Tyrese Maxey",995,0.463917525773196,-0.0238330310196772,-0.0527491408934708,0.0977822580645161,7,521,0.6626
"350","2022","Zach LaVine",1192,0.482758620689655,0.00506345340340986,-0.0235704932343955,0.0975609756097561,7,631,0.434
"351","2023","Anfernee Simons",1043,0.444444444444444,-0.00254100254100259,-0.0736278447121821,0.0778846153846154,8,519,0.4938
"352","2023","Anthony Edwards",1550,0.404411764705882,-0.060934769947583,-0.107108972621307,0.0879120879120879,8,794,0.9076
"353","2023","Bam Adebayo",1116,0.541176470588235,-4.97450565850599e-05,0.0365035733919736,0.152740341419587,9,565,0.477
"354","2023","Buddy Hield",1037,0.45,-0.00784418356456779,-0.00911949685534591,0.0967117988394584,7,525,0.526
"355","2023","CJ McCollum",1344,0.455445544554455,0.0202082155118167,0.0243344334433443,0.0753169276659209,7,677,0.3222
"356","2023","Damian Lillard",1215,0.363636363636364,-0.105897686542848,-0.0965909090909091,0.0816831683168317,7,634,0.9814
"357","2023","Darius Garland",1126,0.487603305785124,0.0288968381234324,-0.000348501443791727,0.107747105966162,8,573,0.2586
"358","2023","De'Aaron Fox",1330,0.544378698224852,0.0361960970189951,0.054723525811059,0.127354935945742,11,687,0.171
"359","2023","DeMar DeRozan",1309,0.486842105263158,-0.0205044807351135,-0.0369674185463659,0.116385911179173,10,688,0.6828
"360","2023","Dejounte Murray",1320,0.383177570093458,-0.0875561479609526,-0.116822429906542,0.0812452543659833,7,700,0.9684
"361","2023","Devin Booker",1067,0.443478260869565,-0.0565217391304348,-0.032712215320911,0.108082706766917,8,522,0.8658
"362","2023","Donovan Mitchell",1419,0.45679012345679,-0.0324700197413006,0.00123456790123455,0.114406779661017,8,719,0.761
"363","2023","Franz Wagner",1117,0.446153846153846,-0.0442210271997506,-0.0968925114620479,0.116696588868941,8,548,0.8116
"364","2023","Fred VanVleet",1111,0.357142857142857,-0.0381178063642518,-0.0453467694131595,0.0505415162454874,6,553,0.712
"365","2023","Giannis Antetokounmpo",1280,0.600917431192661,0.0576029302510409,0.0475193729402333,0.170712607674236,14,639,0.056
"366","2023","Ja Morant",1218,0.481132075471698,0.0153047373422017,0.0386033398395142,0.0872427983539095,7,629,0.3522
"367","2023","Jalen Brunson",1194,0.535211267605634,0.0494698227387136,0.0485446009389671,0.119227539882452,10,600,0.1244
"368","2023","Jalen Green",1358,0.428571428571429,0.0126984126984127,0.0556900726392252,0.0723247232472325,7,642,0.3956
"369","2023","Jamal Murray",1041,0.435294117647059,-0.0207728279596358,-0.0581269349845201,0.081888246628131,7,546,0.6338
"370","2023","Jaylen Brown",1410,0.39041095890411,-0.114335876538928,-0.1156866020715,0.103766879886283,13,742,0.9952
"371","2023","Jayson Tatum",1590,0.458064516129032,-0.0144093514667866,0.0102384291725105,0.0976685570258349,8,816,0.6174
"372","2023","Joel Embiid",1347,0.544186046511628,-0.00793409483112828,-0.036171096345515,0.159970238095238,11,680,0.5684
"373","2023","Jordan Clarkson",1031,0.376623376623377,-0.0730621579678183,-0.0866534595348155,0.0749027237354086,6,528,0.8948
"374","2023","Jordan Poole",1278,0.329411764705882,-0.108140624229574,-0.160972850678733,0.0666666666666667,6,661,0.9742
"375","2023","Josh Giddey",1118,0.376237623762376,-0.116387744969187,-0.0846998762376238,0.0905829596412556,8,594,0.9866
"376","2023","Jrue Holiday",1026,0.495798319327731,0.019502839724644,0.100893860729005,0.116324535679374,13,499,0.3188
"377","2023","Julius Randle",1441,0.372549019607843,-0.0942172238574294,-0.140819964349376,0.0709318497913769,7,799,0.9784
"378","2023","Keldon Johnson",1106,0.435185185185185,-0.0167186224300453,0.00371310396691105,0.0979147778785131,10,535,0.606
"379","2023","Klay Thompson",1252,0.384615384615385,-0.0555224276154508,-0.0984764028242289,0.0728582866293034,10,636,0.8372
"380","2023","Kristaps Porzingis",1018,0.514705882352941,0.0192410297452314,0.0686627168853152,0.133990147783251,9,499,0.327
"381","2023","Kyle Kuzma",1141,0.451923076923077,0.00351420517765744,-0.00664045898852528,0.0913884007029877,7,573,0.448
"382","2023","Kyrie Irving",1224,0.463087248322148,-0.0383081005150616,-0.0646905294556301,0.122031122031122,9,627,0.8032
"383","2023","Lauri Markkanen",1158,0.470149253731343,-0.0318038712686567,0.0503961673115902,0.116017316017316,10,583,0.7512
"384","2023","LeBron James",1228,0.479674796747967,-0.0234926240665121,-0.09057313713633,0.100408163265306,8,662,0.6892
"385","2023","Luka Doncic",1454,0.484276729559748,-0.0130205677375489,-0.0305161698485356,0.109579600275672,9,767,0.597
"386","2023","Mikal Bridges",1267,0.52,0.0589435989256938,0.0834517766497462,0.118670886075949,10,618,0.0884
"387","2023","Nikola Jokic",1026,0.611764705882353,-0.0263675898374913,-0.0420814479638009,0.249266862170088,13,480,0.7736
"388","2023","Nikola Vucevic",1148,0.469230769230769,-0.0572918240894665,-0.0788461538461539,0.11353711790393,8,629,0.9006
"389","2023","Paolo Banchero",1121,0.452380952380952,0.0271157643385223,0.00577901063337954,0.075134168157424,7,540,0.2876
"390","2023","Pascal Siakam",1321,0.519736842105263,0.0432612219170681,0.0384534196453701,0.115326251896813,11,677,0.1466
"391","2023","Paul George",1018,0.297297297297297,-0.170923041685754,-0.202702702702703,0.0729064039408867,8,540,0.9974
"392","2023","RJ Barrett",1177,0.442307692307692,0.00987525987525983,0.0336120401337792,0.0885860306643952,8,571,0.4114
"393","2023","Scottie Barnes",1016,0.479591836734694,0.0264327953403584,0.0315398886827458,0.0967423494570582,10,495,0.266
"394","2023","Shai Gilgeous-Alexander",1385,0.489247311827957,-0.0253481844189154,-0.0373799071069543,0.134587554269175,12,663,0.726
"395","2023","Spencer Dinwiddie",1050,0.457831325301205,0.0214300843498087,0.0178313253012048,0.0792741165234002,7,533,0.327
"396","2023","Stephen Curry",1133,0.456521739130435,-0.041970723181123,-0.0301449275362319,0.12212389380531,10,571,0.8042
"397","2023","Terry Rozier",1189,0.433734939759036,0.0205342164317305,-0.00874293634715856,0.0699831365935919,6,592,0.335
"398","2023","Trae Young",1390,0.385416666666667,-0.0473499484801648,-0.0378198478561549,0.0692141312184571,7,702,0.8128
"399","2023","Tyler Herro",1109,0.428571428571429,-0.011507156890261,-0.0658730158730159,0.0822784810126582,8,560,0.559
"400","2023","Zach LaVine",1388,0.401515151515151,-0.0921154217332562,-0.129211105468089,0.0953068592057762,7,728,0.9826
"401","2024","Anthony Davis",1312,0.559471365638767,0.00186767900282181,0.0295568357242366,0.173414820473644,10,650,0.4682
"402","2024","Anthony Edwards",1561,0.455223880597015,-0.00658410819065153,-0.0424505380076363,0.086007702182285,9,820,0.535
"403","2024","Bam Adebayo",1020,0.477611940298507,-0.0494760958188741,-0.0978597578147001,0.131760078662734,9,532,0.8508
"404","2024","Bogdan Bogdanovic",1100,0.371134020618557,-0.0625648826715729,-0.0169938332627218,0.0884229717411121,8,523,0.846
"405","2024","Brandon Ingram",1017,0.480769230769231,-0.0121113825933103,-0.0275641025641025,0.102564102564103,10,533,0.5894
"406","2024","Brandon Miller",1084,0.444444444444444,0.00570926657883175,-0.0616531165311653,0.0666049953746531,10,576,0.4402
"407","2024","CJ McCollum",1054,0.435643564356436,-0.0250070127684332,-0.0460637527167351,0.0960989533777355,6,519,0.6574
"408","2024","Cade Cunningham",1167,0.4,-0.0536082474226804,-0.0532019704433497,0.0859106529209622,7,577,0.8238
"409","2024","Cam Thomas",1189,0.362637362637363,-0.0854500690566264,-0.0708601743084502,0.0767284991568297,6,589,0.9386
"410","2024","Coby White",1210,0.480769230769231,0.035922937821672,0.0886123680241327,0.0861640430820215,7,609,0.2154
"411","2024","Collin Sexton",1038,0.427272727272727,-0.06733934169279,-0.0252820172528202,0.106280193236715,8,524,0.902
"412","2024","D'Angelo Russell",1095,0.457943925233645,0.00349048393809831,0.0717005389902586,0.097985347985348,8,531,0.4582
"413","2024","Damian Lillard",1303,0.405660377358491,-0.0220756293248845,-0.0313144125574758,0.0815384615384615,7,637,0.6458
"414","2024","De'Aaron Fox",1549,0.448051948051948,-0.0186147186147186,0.010804984489195,0.0996119016817594,8,758,0.6472
"415","2024","DeMar DeRozan",1355,0.52,0.0453112033195021,0.0487958115183246,0.11094674556213,11,685,0.1316
"416","2024","Dejounte Murray",1464,0.41726618705036,-0.0461300393647346,-0.0257162690899911,0.0951403148528405,11,738,0.8384
"417","2024","Devin Booker",1319,0.466666666666667,-0.029000577700751,0.0439862542955327,0.125379939209726,10,648,0.7346
"418","2024","Devin Vassell",1056,0.438095238095238,-0.0371939312002403,0.0124195624195624,0.0997150997150997,9,537,0.7522
"419","2024","Domantas Sabonis",1068,0.625570776255708,0.0401761943946948,0.049813200498132,0.205633802816901,11,523,0.1216
"420","2024","Donovan Mitchell",1098,0.387096774193548,-0.0805649173487402,-0.0783120308378982,0.0849315068493151,8,564,0.9306
"421","2024","Franz Wagner",1095,0.461538461538462,-0.023124115148655,-0.0181912681912682,0.107142857142857,11,557,0.6728
"422","2024","Fred VanVleet",1018,0.426666666666667,0.0120325203252033,-0.0288307155322862,0.0738916256157636,7,497,0.4048
"423","2024","Giannis Antetokounmpo",1386,0.591836734693878,-0.0253793825222397,-0.0331632653061225,0.212581344902386,13,693,0.7744
"424","2024","Jalen Brunson",1660,0.419540229885057,-0.0663278724029641,-0.0828521146125502,0.105009052504526,13,849,0.9432
"425","2024","Jalen Green",1332,0.483516483516484,0.0653053634520194,0.0624638519375362,0.0684725357411588,7,672,0.0778
"426","2024","Jaren Jackson Jr.",1161,0.462264150943396,0.0196101225073773,0.0161857195708472,0.0915371329879102,8,566,0.3256
"427","2024","Jaylen Brown",1279,0.484076433121019,-0.0203798948647207,0.0141969150487299,0.123040752351097,9,638,0.665
"428","2024","Jayson Tatum",1438,0.48062015503876,0.00850403586381698,-0.0643533899347853,0.0898954703832753,10,764,0.4204
"429","2024","Jordan Poole",1187,0.389830508474576,-0.0250631085467003,-0.00383464989646443,0.0498310810810811,8,627,0.6456
"430","2024","Kawhi Leonard",1165,0.526627218934911,0.00152681732848559,0.018562702805879,0.145438898450947,12,577,0.4586
"431","2024","Kevin Durant",1449,0.526548672566372,0.00406298164241425,0.0437900518767165,0.156293222683264,11,685,0.4364
"432","2024","Klay Thompson",1133,0.353658536585366,-0.084971339722912,-0.0397063923245868,0.0725663716814159,7,566,0.927
"433","2024","Kyle Kuzma",1315,0.391304347826087,-0.0778623188405797,-0.147157190635451,0.0876524390243902,8,685,0.9456
"434","2024","Kyrie Irving",1131,0.434426229508197,-0.0700336317405645,-0.129676334594367,0.108156028368794,8,614,0.924
"435","2024","LeBron James",1300,0.505494505494505,-0.0374393048811653,-0.121778221778222,0.140323824209715,9,669,0.8168
"436","2024","Luka Doncic",1662,0.416666666666667,-0.0766398929049531,-0.135572139303483,0.10126582278481,10,867,0.9736
"437","2024","Michael Porter Jr.",1079,0.451923076923077,-0.0352564102564102,-0.0942307692307692,0.0966542750929368,12,571,0.7366
"438","2024","Mikal Bridges",1295,0.444444444444444,0.00973509313863147,-0.0167427701674277,0.0835913312693498,8,639,0.405
"439","2024","Miles Bridges",1210,0.442477876106195,-0.0215148312775792,-0.0260935524652339,0.0936205468102734,8,605,0.6494
"440","2024","Nikola Jokic",1419,0.608843537414966,0.0319546485260771,0.0773120058834345,0.207627118644068,17,671,0.1526
"441","2024","Nikola Vucevic",1211,0.39344262295082,-0.100588598353129,-0.109551389025228,0.100993377483444,6,614,0.9812
"442","2024","Paolo Banchero",1417,0.507246376811594,0.059240121924964,0.0494685990338165,0.0975954738330976,9,705,0.0808
"443","2024","Pascal Siakam",1272,0.537688442211055,0.00273970036576165,-0.0169990577889447,0.156816390858944,8,633,0.452
"444","2024","Paul George",1245,0.507936507936508,0.0405549172305204,0.0523809523809524,0.101449275362319,9,623,0.1656
"445","2024","Shai Gilgeous-Alexander",1503,0.537444933920705,-0.00017262093822934,-0.0470621083328163,0.151333333333333,14,748,0.4912
"446","2024","Stephen Curry",1462,0.46969696969697,0.0230804283435863,0.000817301647177193,0.0904729266620973,8,730,0.2884
"447","2024","Tyrese Haliburton",1076,0.471544715447154,-0.0121908564311246,0.0175973470261018,0.114631873252563,8,526,0.5816
"448","2024","Tyrese Maxey",1424,0.333333333333333,-0.125819465456379,-0.181818181818182,0.071780436312456,8,750,0.9962
"449","2024","Victor Wembanyama",1186,0.473214285714286,0.00952713487629686,-0.0381493506493507,0.0946745562130177,11,599,0.4192
"450","2024","Zion Williamson",1094,0.6,0.0364454443194601,-0.0447368421052632,0.187901008249313,10,533,0.1582
"451","2025","Alperen Sengun",1042,0.49618320610687,-0.00326794647271267,-0.03137584901124,0.126082771896054,8,535,0.5016
"452","2025","Anfernee Simons",1080,0.364705882352941,-0.0724800472953001,-0.0968325791855204,0.0789229340761374,8,537,0.8848
"453","2025","Anthony Edwards",1470,0.479338842975207,0.0427191246653475,0.0550964187327824,0.0824812542603954,7,737,0.155
"454","2025","Austin Reaves",951,0.440860215053763,-0.0183472441536958,-0.018599244405696,0.0981012658227848,6,476,0.604
"455","2025","Bam Adebayo",985,0.457943925233645,-0.0318055052902732,-0.0496318323421127,0.108961303462322,9,511,0.7194
"456","2025","CJ McCollum",972,0.444444444444444,0.00448933782267114,-0.0243055555555556,0.0835913312693498,7,486,0.4578
"457","2025","Cade Cunningham",1412,0.480263157894737,0.0135964912280702,0.0257177033492823,0.107877927608233,7,707,0.3556
"458","2025","Coby White",1058,0.5,0.0496957403651115,0.043859649122807,0.0682464454976303,7,566,0.1576
"459","2025","Damian Lillard",1010,0.351351351351351,-0.10484522984523,-0.181116181116181,0.0734856007944389,6,521,0.9624
"460","2025","Darius Garland",1084,0.457142857142857,-0.019874507514957,-0.0608427543679342,0.0971322849213691,9,570,0.6342
"461","2025","De'Aaron Fox",1162,0.479674796747967,0.0176921210983044,0.0315873650539784,0.106125970664366,8,573,0.34
"462","2025","DeMar DeRozan",1175,0.477272727272727,-0.00978384032075308,-0.052528597230584,0.112627986348123,8,598,0.5684
"463","2025","Desmond Bane",927,0.382022471910112,-0.112010940977716,-0.127236787349147,0.0963203463203463,6,485,0.9704
"464","2025","Devin Booker",1309,0.333333333333333,-0.138773244518457,-0.169204737732656,0.0826952526799387,7,661,0.9962
"465","2025","Donovan Mitchell",1239,0.357142857142857,-0.0882874889086069,-0.0161904761904762,0.0906148867313916,7,594,0.951
"466","2025","Franz Wagner",1058,0.442105263157895,-0.0220691916707657,-0.0611627106983144,0.0900473933649289,9,527,0.6476
"467","2025","Giannis Antetokounmpo",1227,0.582978723404255,-0.017827728208648,-0.206494960806271,0.191993464052288,11,628,0.6788
"468","2025","Jalen Brunson",1190,0.487394957983193,-0.000933706816059754,-0.0126050420168067,0.100252737994945,9,632,0.493
"469","2025","Jalen Green",1309,0.328947368421053,-0.0992764758611858,-0.114998819919755,0.0581929555895865,6,685,0.9604
"470","2025","Jalen Williams",1115,0.439252336448598,-0.0399143302180686,-0.0815809968847352,0.0962230215827338,8,583,0.7786
"471","2025","Jamal Murray",1041,0.428571428571429,-0.0496894409937889,-0.060939060939061,0.0944123314065511,7,530,0.8134
"472","2025","James Harden",1136,0.353846153846154,-0.050448897507721,-0.101906058543227,0.057369814651368,7,565,0.7694
"473","2025","Jaren Jackson Jr.",1138,0.510948905109489,0.0254344195950036,-0.0307177615571775,0.120704845814978,9,566,0.2718
"474","2025","Jaylen Brown",1068,0.455445544554455,-0.00680885048173896,0.0225187152861628,0.0948356807511737,11,547,0.519
"475","2025","Jayson Tatum",1378,0.447368421052632,-0.00991005996002664,-0.0697047496790758,0.0829090909090909,8,714,0.5698
"476","2025","Jordan Poole",1000,0.311475409836066,-0.119834494317289,-0.12970106075217,0.0611835506519559,7,521,0.9708
"477","2025","Karl-Anthony Towns",1108,0.462585034013605,-0.0753962354973206,-0.0981626295377964,0.133031674208145,9,573,0.9608
"478","2025","Kevin Durant",1066,0.4296875,-0.108692030916844,-0.148294151376147,0.120413922859831,8,557,0.99
"479","2025","LaMelo Ball",971,0.360655737704918,-0.0448387677895875,-0.089344262295082,0.0630165289256198,6,474,0.741
"480","2025","LeBron James",1176,0.5,-0.0145631067961165,-0.0371900826446281,0.124467178175618,7,603,0.6192
"481","2025","Luka Doncic",899,0.391304347826087,-0.0617077003666841,-0.0866368286445013,0.0770089285714286,9,468,0.8424
"482","2025","Malik Beasley",947,0.352112676056338,-0.0908096983728857,-0.109425785482124,0.0752118644067797,7,474,0.9244
"483","2025","Michael Porter Jr.",955,0.516949152542373,0.0211307534981673,-0.0773904700991366,0.123949579831933,9,491,0.311
"484","2025","Mikal Bridges",1077,0.420168067226891,-0.0840072981175768,-0.103269432773109,0.110800744878957,8,546,0.9532
"485","2025","Miles Bridges",968,0.274193548387097,-0.17172256640319,-0.201996927803379,0.0642487046632124,8,513,0.9972
"486","2025","Nikola Jokic",1285,0.532467532467532,-0.0519726952364524,-0.141445511010728,0.1801872074883,11,630,0.921
"487","2025","Nikola Vucevic",967,0.513513513513513,-0.0225060225060225,-0.0355060943296238,0.153526970954357,11,463,0.6728
"488","2025","OG Anunoby",915,0.535353535353535,0.0794711824123589,0.0677276360729598,0.108552631578947,11,458,0.0598
"489","2025","Pascal Siakam",1100,0.536764705882353,0.0108310959238467,-0.0793969102792632,0.123974475843209,10,582,0.3774
"490","2025","RJ Barrett",900,0.505050505050505,0.0406310293950743,0.0131150211795373,0.110367892976589,7,439,0.2148
"491","2025","Scottie Barnes",947,0.422535211267606,-0.0238118206958647,-0.0385037497713554,0.0752118644067797,7,488,0.6424
"492","2025","Shaedon Sharpe",981,0.386666666666667,-0.0647682119205298,-0.109977628635347,0.0766871165644172,8,520,0.8616
"493","2025","Shai Gilgeous-Alexander",1575,0.565040650406504,0.0466057369377306,0.0622782194672775,0.156488549618321,11,762,0.0872
"494","2025","Stephen Curry",1155,0.390243902439024,-0.0598958925283568,-0.0566834718626515,0.0711805555555556,8,599,0.8638
"495","2025","Stephon Castle",895,0.430769230769231,-0.000556070435588474,-0.0401985111662531,0.0728699551569507,9,448,0.4794
"496","2025","Trae Young",1286,0.358024691358025,-0.0577429434967471,-0.0984068439116849,0.0631332813717849,6,637,0.8362
"497","2025","Tyler Herro",1268,0.474137931034483,0.00625598659003834,-0.0315438871473355,0.091699604743083,8,663,0.4178
"498","2025","Tyrese Haliburton",917,0.446808510638298,-0.0234223520591505,-0.0189449140192364,0.102844638949672,8,452,0.644
"499","2025","Tyrese Maxey",1093,0.351351351351351,-0.0912394239185211,-0.117575202320965,0.0678899082568807,6,570,0.9416
"500","2025","Zach LaVine",1113,0.513698630136986,-0.00336445155898057,-0.0121634388285309,0.131531531531532,8,567,0.5096
