"","X","Player","Age","Team","Pos","FG.","FG","FGA","Season","Season_label"
"1",1,"James Harden",26,"HOU","SG",0.439,710,1617,"2015-16","2016"
"2",2,"Stephen Curry",27,"GSW","PG",0.504,805,1598,"2015-16","2016"
"3",3,"Damian Lillard",25,"POR","PG",0.419,618,1474,"2015-16","2016"
"4",4,"Paul George",25,"IND","SF",0.418,605,1449,"2015-16","2016"
"5",5,"Russell Westbrook",27,"OKC","PG",0.454,656,1444,"2015-16","2016"
"6",6,"CJ McCollum",24,"POR","SG",0.448,641,1431,"2015-16","2016"
"7",7,"LeBron James",31,"CLE","SF",0.52,737,1416,"2015-16","2016"
"8",8,"Klay Thompson",25,"GSW","SG",0.47,651,1386,"2015-16","2016"
"9",9,"Isaiah Thomas",26,"BOS","PG",0.428,591,1382,"2015-16","2016"
"10",10,"Kevin Durant",27,"OKC","SF",0.505,698,1381,"2015-16","2016"
"11",11,"DeMar DeRozan",26,"TOR","SG",0.446,614,1377,"2015-16","2016"
"12",12,"John Wall",25,"WAS","PG",0.424,572,1349,"2015-16","2016"
"13",13,"DeMarcus Cousins",25,"SAC","C",0.451,601,1332,"2015-16","2016"
"14",14,"Kemba Walker",25,"CHO","PG",0.427,568,1331,"2015-16","2016"
"15",15,"Carmelo Anthony",31,"NYK","SF",0.434,567,1307,"2015-16","2016"
"16",16,"Andrew Wiggins",20,"MIN","SF",0.459,594,1294,"2015-16","2016"
"17",17,"Reggie Jackson",25,"DET","PG",0.434,540,1244,"2015-16","2016"
"18",18,"Gordon Hayward",25,"UTA","SF",0.433,521,1202,"2015-16","2016"
"19",19,"Kyle Lowry",29,"TOR","PG",0.427,512,1198,"2015-16","2016"
"20",20,"Dwyane Wade",34,"MIA","SG",0.456,540,1183,"2015-16","2016"
"21",21,"Brook Lopez",27,"BRK","C",0.511,591,1157,"2015-16","2016"
"22",22,"Karl-Anthony Towns",20,"MIN","C",0.542,625,1153,"2015-16","2016"
"23",23,"Khris Middleton",24,"MIL","SG",0.444,507,1142,"2015-16","2016"
"24",24,"Anthony Davis",22,"NOP","C",0.493,560,1136,"2015-16","2016"
"25",25,"Chris Paul",30,"LAC","PG",0.462,515,1114,"2015-16","2016"
"26",26,"Kobe Bryant",37,"LAL","SF",0.358,398,1113,"2015-16","2016"
"27",27,"Dirk Nowitzki",37,"DAL","PF",0.448,498,1112,"2015-16","2016"
"28",28,"Jordan Clarkson",23,"LAL","SG",0.433,475,1098,"2015-16","2016"
"29",29,"Kawhi Leonard",24,"SAS","SF",0.506,551,1090,"2015-16","2016"
"30",30,"Paul Millsap",30,"ATL","PF",0.47,501,1066,"2015-16","2016"
"31",31,"Andre Drummond",22,"DET","C",0.521,552,1060,"2015-16","2016"
"32",32,"Al Horford",29,"ATL","C",0.505,529,1048,"2015-16","2016"
"33",33,"Derrick Rose",27,"CHI","PG",0.427,447,1048,"2015-16","2016"
"34",34,"Nikola Vu?evi?",25,"ORL","C",0.51,533,1046,"2015-16","2016"
"35",35,"LaMarcus Aldridge",30,"SAS","PF",0.513,536,1045,"2015-16","2016"
"36",36,"Jimmy Butler",26,"CHI","SG",0.454,470,1035,"2015-16","2016"
"37",37,"Monta Ellis",30,"IND","SG",0.427,436,1021,"2015-16","2016"
"38",38,"Avery Bradley",25,"BOS","SG",0.447,456,1019,"2015-16","2016"
"39",39,"Giannis Antetokounmpo",21,"MIL","PG",0.506,513,1013,"2015-16","2016"
"40",40,"Rudy Gay",29,"SAC","SF",0.463,466,1007,"2015-16","2016"
"41",41,"Pau Gasol",35,"CHI","C",0.469,467,995,"2015-16","2016"
"42",42,"Jeff Teague",27,"ATL","PG",0.439,434,988,"2015-16","2016"
"43",43,"Will Barton",25,"DEN","SG",0.432,425,983,"2015-16","2016"
"44",44,"Kevin Love",27,"CLE","PF",0.419,409,977,"2015-16","2016"
"45",45,"Rodney Hood",23,"UTA","SG",0.42,408,972,"2015-16","2016"
"46",46,"Victor Oladipo",23,"ORL","SG",0.438,425,970,"2015-16","2016"
"47",47,"Ish Smith",27,"2TM","PG",0.411,397,967,"2015-16","2016"
"48",48,"Thaddeus Young",27,"BRK","PF",0.514,495,963,"2015-16","2016"
"49",49,"Kentavious Caldwell-Pope",22,"DET","SG",0.42,403,960,"2015-16","2016"
"50",50,"Zach LaVine",20,"MIN","SG",0.452,433,959,"2015-16","2016"
"51",51,"Russell Westbrook",28,"OKC","PG",0.425,824,1941,"2016-17","2017"
"52",52,"Andrew Wiggins",21,"MIN","SF",0.452,709,1570,"2016-17","2017"
"53",53,"DeMar DeRozan",27,"TOR","SG",0.467,721,1545,"2016-17","2017"
"54",54,"James Harden",27,"HOU","PG",0.44,674,1533,"2016-17","2017"
"55",55,"Anthony Davis",23,"NOP","C",0.505,770,1526,"2016-17","2017"
"56",56,"Damian Lillard",26,"POR","PG",0.444,661,1488,"2016-17","2017"
"57",57,"Karl-Anthony Towns",21,"MIN","C",0.542,802,1480,"2016-17","2017"
"58",58,"Isaiah Thomas",27,"BOS","PG",0.463,682,1473,"2016-17","2017"
"59",59,"Kemba Walker",26,"CHO","PG",0.444,643,1449,"2016-17","2017"
"60",60,"Stephen Curry",28,"GSW","PG",0.468,675,1443,"2016-17","2017"
"61",61,"CJ McCollum",25,"POR","SG",0.48,692,1441,"2016-17","2017"
"62",62,"John Wall",26,"WAS","PG",0.451,647,1435,"2016-17","2017"
"63",63,"DeMarcus Cousins",26,"2TM","C",0.452,647,1432,"2016-17","2017"
"64",64,"Devin Booker",20,"PHO","SG",0.423,606,1431,"2016-17","2017"
"65",65,"Kyrie Irving",24,"CLE","PG",0.473,671,1420,"2016-17","2017"
"66",66,"Carmelo Anthony",32,"NYK","SF",0.433,602,1389,"2016-17","2017"
"67",67,"Klay Thompson",26,"GSW","SG",0.468,644,1376,"2016-17","2017"
"68",68,"Paul George",26,"IND","SF",0.461,622,1348,"2016-17","2017"
"69",69,"LeBron James",32,"CLE","SF",0.548,736,1344,"2016-17","2017"
"70",70,"Bradley Beal",23,"WAS","SG",0.482,637,1322,"2016-17","2017"
"71",71,"Kawhi Leonard",25,"SAS","SF",0.485,636,1312,"2016-17","2017"
"72",72,"Harrison Barnes",24,"DAL","PF",0.468,599,1280,"2016-17","2017"
"73",73,"Giannis Antetokounmpo",22,"MIL","SF",0.521,656,1259,"2016-17","2017"
"74",74,"Jimmy Butler",27,"CHI","SF",0.455,570,1252,"2016-17","2017"
"75",75,"Dennis Schröder",23,"ATL","PG",0.451,548,1214,"2016-17","2017"
"76",76,"Brook Lopez",28,"BRK","C",0.474,555,1172,"2016-17","2017"
"77",77,"Marc Gasol",32,"MEM","C",0.459,532,1160,"2016-17","2017"
"78",78,"Gordon Hayward",26,"UTA","SF",0.471,545,1156,"2016-17","2017"
"79",79,"Goran Dragi?",30,"MIA","PG",0.475,534,1124,"2016-17","2017"
"80",80,"Jordan Clarkson",24,"LAL","SG",0.445,477,1071,"2016-17","2017"
"81",81,"Tobias Harris",24,"DET","PF",0.481,511,1063,"2016-17","2017"
"82",82,"LaMarcus Aldridge",31,"SAS","PF",0.477,500,1049,"2016-17","2017"
"83",83,"Eric Bledsoe",27,"PHO","PG",0.434,449,1034,"2016-17","2017"
"84",84,"Nikola Vu?evi?",26,"ORL","C",0.468,483,1031,"2016-17","2017"
"85",85,"Kevin Durant",28,"GSW","PF",0.537,551,1026,"2016-17","2017"
"86",86,"Eric Gordon",28,"HOU","SG",0.406,412,1016,"2016-17","2017"
"87",87,"Mike Conley",29,"MEM","PG",0.46,464,1009,"2016-17","2017"
"88",88,"Marcus Morris",27,"DET","SF",0.418,421,1007,"2016-17","2017"
"89",89,"Lou Williams",30,"2TM","SG",0.429,428,998,"2016-17","2017"
"90",90,"Kristaps Porzi??is",21,"NYK","PF",0.45,443,985,"2016-17","2017"
"91",91,"Serge Ibaka",27,"2TM","PF",0.48,471,982,"2016-17","2017"
"92",92,"Derrick Rose",28,"NYK","PG",0.471,460,977,"2016-17","2017"
"93",93,"Nicolas Batum",28,"CHO","SG",0.403,393,975,"2016-17","2017"
"94",94,"Hassan Whiteside",27,"MIA","C",0.557,542,973,"2016-17","2017"
"95",95,"Paul Millsap",31,"ATL","PF",0.442,430,972,"2016-17","2017"
"96",96,"Blake Griffin",27,"LAC","PF",0.493,479,971,"2016-17","2017"
"97",97,"Zach Randolph",35,"MEM","PF",0.449,433,964,"2016-17","2017"
"98",98,"Dwyane Wade",35,"CHI","SG",0.434,414,955,"2016-17","2017"
"99",99,"Wilson Chandler",29,"DEN","SF",0.461,433,939,"2016-17","2017"
"100",100,"Victor Oladipo",24,"OKC","SG",0.442,412,932,"2016-17","2017"
"101",101,"Russell Westbrook",29,"OKC","PG",0.449,757,1687,"2017-18","2018"
"102",102,"LeBron James",33,"CLE","PF",0.542,857,1580,"2017-18","2018"
"103",103,"CJ McCollum",26,"POR","SG",0.443,667,1505,"2017-18","2018"
"104",104,"Bradley Beal",24,"WAS","SG",0.46,683,1484,"2017-18","2018"
"105",105,"Anthony Davis",24,"NOP","PF",0.534,780,1462,"2017-18","2018"
"106",106,"James Harden",28,"HOU","SG",0.449,651,1449,"2017-18","2018"
"107",107,"Damian Lillard",27,"POR","PG",0.439,621,1415,"2017-18","2018"
"108",108,"DeMar DeRozan",28,"TOR","SG",0.456,645,1413,"2017-18","2018"
"109",109,"Giannis Antetokounmpo",23,"MIL","PF",0.529,742,1402,"2017-18","2018"
"110",110,"Kemba Walker",27,"CHO","PG",0.431,588,1363,"2017-18","2018"
"111",111,"Donovan Mitchell",21,"UTA","SG",0.437,595,1362,"2017-18","2018"
"112",112,"LaMarcus Aldridge",32,"SAS","C",0.51,687,1347,"2017-18","2018"
"113",113,"Victor Oladipo",25,"IND","SG",0.477,640,1342,"2017-18","2018"
"114",114,"Paul George",27,"OKC","SF",0.43,576,1340,"2017-18","2018"
"115",115,"Lou Williams",31,"LAC","SG",0.435,582,1337,"2017-18","2018"
"116",116,"Andrew Wiggins",22,"MIN","SF",0.438,569,1300,"2017-18","2018"
"117",117,"Khris Middleton",26,"MIL","SF",0.466,593,1272,"2017-18","2018"
"118",118,"Jrue Holiday",27,"NOP","SG",0.494,615,1244,"2017-18","2018"
"119",119,"Kevin Durant",29,"GSW","SF",0.516,630,1222,"2017-18","2018"
"120",120,"Tobias Harris",25,"2TM","PF",0.46,562,1221,"2017-18","2018"
"121",121,"Harrison Barnes",25,"DAL","PF",0.445,537,1208,"2017-18","2018"
"122",122,"Klay Thompson",27,"GSW","SG",0.488,575,1179,"2017-18","2018"
"123",123,"Karl-Anthony Towns",22,"MIN","C",0.545,639,1172,"2017-18","2018"
"124",124,"Carmelo Anthony",33,"OKC","PF",0.404,472,1168,"2017-18","2018"
"125",125,"Dennis Schröder",24,"ATL","PG",0.436,500,1146,"2017-18","2018"
"126",126,"Kyrie Irving",25,"BOS","PG",0.491,534,1087,"2017-18","2018"
"127",127,"Goran Dragi?",31,"MIA","PG",0.45,484,1075,"2017-18","2018"
"128",128,"T.J. Warren",24,"PHO","SF",0.498,529,1063,"2017-18","2018"
"129",129,"Jamal Murray",20,"DEN","PG",0.451,479,1062,"2017-18","2018"
"130",130,"Joel Embiid",23,"PHI","C",0.483,510,1056,"2017-18","2018"
"131",131,"Devin Booker",21,"PHO","SG",0.432,455,1054,"2017-18","2018"
"132",132,"Kyle Kuzma",22,"LAL","PF",0.45,468,1039,"2017-18","2018"
"133",133,"Marc Gasol",33,"MEM","C",0.42,434,1033,"2017-18","2018"
"134",134,"Will Barton",27,"DEN","SG",0.452,465,1028,"2017-18","2018"
"135",135,"Dennis Smith Jr.",20,"DAL","PG",0.395,404,1024,"2017-18","2018"
"136",136,"Nikola Joki?",22,"DEN","C",0.499,504,1010,"2017-18","2018"
"137",137,"Ben Simmons",21,"PHI","PG",0.545,544,998,"2017-18","2018"
"138",138,"Blake Griffin",28,"2TM","PF",0.438,436,996,"2017-18","2018"
"139",139,"Eric Bledsoe",28,"2TM","PG",0.473,468,989,"2017-18","2018"
"140",140,"Taurean Prince",23,"ATL","SF",0.426,415,975,"2017-18","2018"
"141",141,"Eric Gordon",29,"HOU","SG",0.428,415,970,"2017-18","2018"
"142",142,"Jordan Clarkson",25,"2TM","SG",0.451,430,954,"2017-18","2018"
"143",143,"Jusuf Nurki?",23,"POR","C",0.505,480,951,"2017-18","2018"
"144",144,"Kyle Lowry",31,"TOR","PG",0.427,403,944,"2017-18","2018"
"145",145,"Buddy Hield",25,"SAC","SG",0.446,416,933,"2017-18","2018"
"146",146,"Josh Jackson",20,"PHO","SF",0.417,389,932,"2017-18","2018"
"147",147,"Jimmy Butler",28,"MIN","SG",0.474,437,921,"2017-18","2018"
"148",148,"Dwight Howard",32,"CHO","C",0.555,506,911,"2017-18","2018"
"149",149,"Gary Harris",23,"DEN","SG",0.485,440,908,"2017-18","2018"
"150",150,"Julius Randle",23,"LAL","C",0.558,504,904,"2017-18","2018"
"151",151,"James Harden",29,"HOU","PG",0.442,843,1909,"2018-19","2019"
"152",152,"Kemba Walker",28,"CHO","PG",0.434,731,1684,"2018-19","2019"
"153",153,"Paul George",28,"OKC","SF",0.438,707,1614,"2018-19","2019"
"154",154,"Bradley Beal",25,"WAS","SG",0.475,764,1609,"2018-19","2019"
"155",155,"Damian Lillard",28,"POR","PG",0.444,681,1533,"2018-19","2019"
"156",156,"Donovan Mitchell",22,"UTA","SG",0.432,661,1530,"2018-19","2019"
"157",157,"D'Angelo Russell",22,"BRK","PG",0.434,659,1517,"2018-19","2019"
"158",158,"Russell Westbrook",30,"OKC","PG",0.428,630,1473,"2018-19","2019"
"159",159,"Klay Thompson",28,"GSW","SG",0.467,655,1402,"2018-19","2019"
"160",160,"Kevin Durant",30,"GSW","SF",0.521,721,1383,"2018-19","2019"
"161",161,"Buddy Hield",26,"SAC","SG",0.458,623,1360,"2018-19","2019"
"162",162,"Nikola Vu?evi?",28,"ORL","C",0.518,701,1354,"2018-19","2019"
"163",163,"Blake Griffin",29,"DET","PF",0.462,619,1341,"2018-19","2019"
"164",164,"Stephen Curry",30,"GSW","PG",0.472,632,1340,"2018-19","2019"
"165",165,"LaMarcus Aldridge",33,"SAS","C",0.519,684,1319,"2018-19","2019"
"166",166,"Karl-Anthony Towns",23,"MIN","C",0.518,681,1314,"2018-19","2019"
"167",167,"DeMar DeRozan",29,"SAS","SG",0.481,631,1313,"2018-19","2019"
"168",168,"Trae Young",20,"ATL","PG",0.418,525,1256,"2018-19","2019"
"169",169,"Devin Booker",22,"PHO","SG",0.467,586,1255,"2018-19","2019"
"170",170,"Tobias Harris",26,"2TM","PF",0.487,611,1254,"2018-19","2019"
"171",171,"Giannis Antetokounmpo",24,"MIL","PF",0.578,721,1247,"2018-19","2019"
"172",172,"CJ McCollum",27,"POR","SG",0.459,571,1243,"2018-19","2019"
"173",173,"Kyrie Irving",26,"BOS","PG",0.487,604,1241,"2018-19","2019"
"174",174,"Andrew Wiggins",23,"MIN","SF",0.412,498,1209,"2018-19","2019"
"175",175,"Nikola Joki?",23,"DEN","C",0.511,616,1206,"2018-19","2019"
"176",176,"Collin Sexton",20,"CLE","PG",0.43,519,1206,"2018-19","2019"
"177",177,"Joel Embiid",24,"PHI","C",0.484,580,1199,"2018-19","2019"
"178",178,"Luka Don?i?",19,"DAL","SG",0.427,506,1186,"2018-19","2019"
"179",179,"Jordan Clarkson",26,"CLE","SG",0.448,529,1180,"2018-19","2019"
"180",180,"Jamal Murray",21,"DEN","PG",0.437,513,1173,"2018-19","2019"
"181",181,"Jrue Holiday",28,"NOP","SG",0.472,547,1159,"2018-19","2019"
"182",182,"Khris Middleton",27,"MIL","SF",0.441,506,1148,"2018-19","2019"
"183",183,"Lou Williams",32,"LAC","SG",0.425,484,1138,"2018-19","2019"
"184",184,"Zach LaVine",23,"CHI","SG",0.467,530,1135,"2018-19","2019"
"185",185,"Kawhi Leonard",27,"TOR","SF",0.496,560,1129,"2018-19","2019"
"186",186,"Mike Conley",31,"MEM","PG",0.438,490,1120,"2018-19","2019"
"187",187,"Dennis Schröder",25,"OKC","PG",0.414,457,1104,"2018-19","2019"
"188",188,"De'Aaron Fox",21,"SAC","PG",0.458,505,1102,"2018-19","2019"
"189",189,"LeBron James",34,"LAL","SF",0.51,558,1095,"2018-19","2019"
"190",190,"Julius Randle",24,"NOP","PF",0.524,571,1089,"2018-19","2019"
"191",191,"Kyle Kuzma",23,"LAL","PF",0.456,496,1087,"2018-19","2019"
"192",192,"Evan Fournier",26,"ORL","SG",0.438,468,1069,"2018-19","2019"
"193",193,"Andre Drummond",25,"DET","C",0.533,561,1052,"2018-19","2019"
"194",194,"Bojan Bogdanovi?",29,"IND","SF",0.497,522,1051,"2018-19","2019"
"195",195,"Reggie Jackson",28,"DET","PG",0.421,441,1047,"2018-19","2019"
"196",196,"Aaron Gordon",23,"ORL","PF",0.449,470,1046,"2018-19","2019"
"197",197,"Jayson Tatum",20,"BOS","SF",0.45,466,1036,"2018-19","2019"
"198",198,"JJ Redick",34,"PHI","SG",0.44,452,1027,"2018-19","2019"
"199",199,"Harrison Barnes",26,"2TM","PF",0.42,431,1027,"2018-19","2019"
"200",200,"Terrence Ross",27,"ORL","SG",0.428,440,1027,"2018-19","2019"
"201",201,"James Harden",30,"HOU","SG",0.444,672,1514,"2019-20","2020"
"202",202,"CJ McCollum",28,"POR","SG",0.451,611,1356,"2019-20","2020"
"203",203,"Damian Lillard",29,"POR","PG",0.463,624,1349,"2019-20","2020"
"204",204,"Donovan Mitchell",23,"UTA","SG",0.449,602,1342,"2019-20","2020"
"205",205,"Bradley Beal",26,"WAS","SG",0.455,593,1303,"2019-20","2020"
"206",206,"LeBron James",35,"LAL","PG",0.493,643,1303,"2019-20","2020"
"207",207,"Devin Booker",23,"PHO","SG",0.489,627,1283,"2019-20","2020"
"208",208,"Russell Westbrook",31,"HOU","PG",0.472,604,1281,"2019-20","2020"
"209",209,"Luka Don?i?",20,"DAL","PG",0.463,581,1255,"2019-20","2020"
"210",210,"Trae Young",21,"ATL","PG",0.437,546,1249,"2019-20","2020"
"211",211,"Giannis Antetokounmpo",25,"MIL","PF",0.553,685,1238,"2019-20","2020"
"212",212,"Jayson Tatum",21,"BOS","PF",0.45,552,1226,"2019-20","2020"
"213",213,"Zach LaVine",24,"CHI","SF",0.45,539,1199,"2019-20","2020"
"214",214,"Tobias Harris",27,"PHI","PF",0.471,553,1173,"2019-20","2020"
"215",215,"Buddy Hield",27,"SAC","SG",0.429,498,1162,"2019-20","2020"
"216",216,"Kawhi Leonard",28,"LAC","SF",0.47,532,1133,"2019-20","2020"
"217",217,"Pascal Siakam",25,"TOR","PF",0.453,500,1104,"2019-20","2020"
"218",218,"Anthony Davis",26,"LAL","PF",0.503,551,1096,"2019-20","2020"
"219",219,"Brandon Ingram",22,"NOP","PF",0.463,507,1096,"2019-20","2020"
"220",220,"Collin Sexton",21,"CLE","PG",0.472,513,1086,"2019-20","2020"
"221",221,"Nikola Joki?",24,"DEN","C",0.528,565,1071,"2019-20","2020"
"222",222,"Dillon Brooks",24,"MEM","SG",0.407,435,1068,"2019-20","2020"
"223",223,"DeMar DeRozan",30,"SAS","SF",0.531,557,1049,"2019-20","2020"
"224",224,"Nikola Vu?evi?",29,"ORL","C",0.477,493,1033,"2019-20","2020"
"225",225,"Spencer Dinwiddie",26,"BRK","PG",0.415,424,1021,"2019-20","2020"
"226",226,"Shai Gilgeous-Alexander",21,"OKC","SG",0.471,478,1015,"2019-20","2020"
"227",227,"Julius Randle",25,"NYK","PF",0.46,463,1006,"2019-20","2020"
"228",228,"Jrue Holiday",29,"NOP","SG",0.455,458,1006,"2019-20","2020"
"229",229,"T.J. Warren",26,"IND","SF",0.536,534,997,"2019-20","2020"
"230",230,"Andrew Wiggins",24,"2TM","SF",0.447,437,978,"2019-20","2020"
"231",231,"Dennis Schröder",26,"OKC","PG",0.469,453,965,"2019-20","2020"
"232",232,"Devonte' Graham",24,"CHO","PG",0.382,368,963,"2019-20","2020"
"233",233,"Khris Middleton",28,"MIL","SF",0.497,471,947,"2019-20","2020"
"234",234,"Terry Rozier",25,"CHO","PG",0.423,398,941,"2019-20","2020"
"235",235,"Ja Morant",20,"MEM","PG",0.477,447,937,"2019-20","2020"
"236",236,"Lou Williams",33,"LAC","PG",0.418,391,936,"2019-20","2020"
"237",237,"Bojan Bogdanovi?",30,"UTA","SF",0.447,418,935,"2019-20","2020"
"238",238,"Kristaps Porzi??is",24,"DAL","C",0.427,398,932,"2019-20","2020"
"239",239,"Evan Fournier",27,"ORL","SF",0.467,434,929,"2019-20","2020"
"240",240,"Kendrick Nunn",24,"MIA","PG",0.439,401,914,"2019-20","2020"
"241",241,"Jamal Murray",22,"DEN","PG",0.456,408,894,"2019-20","2020"
"242",242,"Kemba Walker",29,"BOS","PG",0.425,378,889,"2019-20","2020"
"243",243,"Chris Paul",34,"OKC","PG",0.489,434,887,"2019-20","2020"
"244",244,"Jaylen Brown",23,"BOS","SG",0.481,427,887,"2019-20","2020"
"245",245,"Tim Hardaway Jr.",27,"DAL","SG",0.434,384,884,"2019-20","2020"
"246",246,"Jordan Clarkson",27,"2TM","SG",0.454,394,867,"2019-20","2020"
"247",247,"Domantas Sabonis",23,"IND","PF",0.54,458,848,"2019-20","2020"
"248",248,"D'Angelo Russell",23,"2TM","PG",0.426,360,846,"2019-20","2020"
"249",249,"Terrence Ross",28,"ORL","SG",0.403,341,846,"2019-20","2020"
"250",250,"Kelly Oubre Jr.",24,"PHO","SF",0.452,373,826,"2019-20","2020"
"251",251,"Nikola Vu?evi?",30,"2TM","C",0.477,666,1396,"2020-21","2021"
"252",252,"Bradley Beal",27,"WAS","SG",0.485,670,1382,"2020-21","2021"
"253",253,"Stephen Curry",32,"GSW","PG",0.482,658,1365,"2020-21","2021"
"254",254,"Luka Don?i?",21,"DAL","PG",0.479,647,1351,"2020-21","2021"
"255",255,"Damian Lillard",30,"POR","PG",0.451,602,1334,"2020-21","2021"
"256",256,"Julius Randle",26,"NYK","PF",0.456,602,1321,"2020-21","2021"
"257",257,"Jayson Tatum",22,"BOS","SF",0.459,605,1318,"2020-21","2021"
"258",258,"Nikola Joki?",25,"DEN","C",0.566,732,1293,"2020-21","2021"
"259",259,"Devin Booker",24,"PHO","SG",0.484,623,1287,"2020-21","2021"
"260",260,"Russell Westbrook",32,"WAS","PG",0.439,544,1238,"2020-21","2021"
"261",261,"Anthony Edwards",19,"MIN","SG",0.417,505,1211,"2020-21","2021"
"262",262,"Terry Rozier",26,"CHO","SG",0.45,510,1134,"2020-21","2021"
"263",263,"Zach LaVine",25,"CHI","SG",0.507,569,1123,"2020-21","2021"
"264",264,"Trae Young",22,"ATL","PG",0.438,487,1112,"2020-21","2021"
"265",265,"Jaylen Brown",24,"BOS","SG",0.484,538,1111,"2020-21","2021"
"266",266,"De'Aaron Fox",23,"SAC","PG",0.477,529,1110,"2020-21","2021"
"267",267,"Collin Sexton",22,"CLE","SG",0.475,525,1105,"2020-21","2021"
"268",268,"Brandon Ingram",23,"NOP","SF",0.466,513,1101,"2020-21","2021"
"269",269,"Giannis Antetokounmpo",26,"MIL","PF",0.569,626,1100,"2020-21","2021"
"270",270,"Donovan Mitchell",24,"UTA","PG",0.438,478,1091,"2020-21","2021"
"271",271,"Kyrie Irving",28,"BRK","PG",0.506,549,1086,"2020-21","2021"
"272",272,"Jordan Clarkson",28,"UTA","SG",0.425,457,1075,"2020-21","2021"
"273",273,"Khris Middleton",29,"MIL","SF",0.476,511,1074,"2020-21","2021"
"274",274,"RJ Barrett",20,"NYK","SG",0.441,467,1060,"2020-21","2021"
"275",275,"Andrew Wiggins",25,"GSW","PF",0.477,505,1058,"2020-21","2021"
"276",276,"Zion Williamson",20,"NOP","PF",0.611,634,1037,"2020-21","2021"
"277",277,"Dillon Brooks",25,"MEM","SF",0.419,432,1031,"2020-21","2021"
"278",278,"Buddy Hield",28,"SAC","SG",0.406,403,992,"2020-21","2021"
"279",279,"Malcolm Brogdon",28,"IND","PG",0.453,444,980,"2020-21","2021"
"280",280,"Dejounte Murray",24,"SAS","PG",0.453,441,974,"2020-21","2021"
"281",281,"Pascal Siakam",26,"TOR","PF",0.455,437,961,"2020-21","2021"
"282",282,"Ja Morant",21,"MEM","PG",0.449,430,957,"2020-21","2021"
"283",283,"Paul George",30,"LAC","SF",0.467,445,953,"2020-21","2021"
"284",284,"Jerami Grant",26,"DET","SF",0.429,400,932,"2020-21","2021"
"285",285,"Bojan Bogdanovi?",31,"UTA","SF",0.439,406,925,"2020-21","2021"
"286",286,"Tobias Harris",28,"PHI","PF",0.512,473,924,"2020-21","2021"
"287",287,"DeMar DeRozan",31,"SAS","PF",0.495,455,920,"2020-21","2021"
"288",288,"Norman Powell",27,"2TM","SG",0.477,438,918,"2020-21","2021"
"289",289,"Tim Hardaway Jr.",28,"DAL","SG",0.447,407,911,"2020-21","2021"
"290",290,"Kawhi Leonard",29,"LAC","SF",0.512,465,908,"2020-21","2021"
"291",291,"Domantas Sabonis",24,"IND","PF",0.535,484,904,"2020-21","2021"
"292",292,"Coby White",20,"CHI","PG",0.416,375,902,"2020-21","2021"
"293",293,"Joel Embiid",26,"PHI","C",0.513,461,899,"2020-21","2021"
"294",294,"CJ McCollum",29,"POR","SG",0.458,405,884,"2020-21","2021"
"295",295,"Chris Paul",35,"PHO","PG",0.499,439,879,"2020-21","2021"
"296",296,"Karl-Anthony Towns",25,"MIN","C",0.486,425,875,"2020-21","2021"
"297",297,"Fred VanVleet",26,"TOR","SG",0.389,338,870,"2020-21","2021"
"298",298,"LeBron James",36,"LAL","PG",0.513,422,823,"2020-21","2021"
"299",299,"Jrue Holiday",30,"MIL","PG",0.503,414,823,"2020-21","2021"
"300",300,"Michael Porter Jr.",22,"DEN","SF",0.542,443,817,"2020-21","2021"
"301",301,"Jayson Tatum",23,"BOS","SF",0.453,708,1564,"2021-22","2022"
"302",302,"Trae Young",23,"ATL","PG",0.46,711,1544,"2021-22","2022"
"303",303,"DeMar DeRozan",32,"CHI","PF",0.504,774,1535,"2021-22","2022"
"304",304,"Devin Booker",25,"PHO","SG",0.466,662,1421,"2021-22","2022"
"305",305,"Luka Don?i?",22,"DAL","PG",0.457,641,1403,"2021-22","2022"
"306",306,"Donovan Mitchell",25,"UTA","SG",0.448,617,1376,"2021-22","2022"
"307",307,"Joel Embiid",27,"PHI","C",0.499,666,1334,"2021-22","2022"
"308",308,"Nikola Joki?",26,"DEN","C",0.583,764,1311,"2021-22","2022"
"309",309,"LaMelo Ball",20,"CHO","PG",0.429,538,1254,"2021-22","2022"
"310",310,"Julius Randle",27,"NYK","PF",0.411,512,1246,"2021-22","2022"
"311",311,"Giannis Antetokounmpo",27,"MIL","PF",0.553,689,1245,"2021-22","2022"
"312",312,"Anthony Edwards",20,"MIN","SG",0.441,549,1245,"2021-22","2022"
"313",313,"Dejounte Murray",25,"SAS","PG",0.462,573,1241,"2021-22","2022"
"314",314,"Russell Westbrook",33,"LAL","PG",0.444,548,1233,"2021-22","2022"
"315",315,"Stephen Curry",33,"GSW","PG",0.437,535,1224,"2021-22","2022"
"316",316,"Reggie Jackson",31,"LAC","SG",0.392,479,1222,"2021-22","2022"
"317",317,"LeBron James",37,"LAL","C",0.524,640,1221,"2021-22","2022"
"318",318,"Jaylen Brown",25,"BOS","SF",0.473,576,1217,"2021-22","2022"
"319",319,"Karl-Anthony Towns",26,"MIN","C",0.529,642,1214,"2021-22","2022"
"320",320,"Miles Bridges",23,"CHO","PF",0.491,596,1214,"2021-22","2022"
"321",321,"Pascal Siakam",27,"TOR","PF",0.494,596,1207,"2021-22","2022"
"322",322,"RJ Barrett",21,"NYK","SF",0.408,487,1194,"2021-22","2022"
"323",323,"Zach LaVine",26,"CHI","SG",0.476,565,1186,"2021-22","2022"
"324",324,"Ja Morant",22,"MEM","PG",0.493,580,1177,"2021-22","2022"
"325",325,"Darius Garland",22,"CLE","PG",0.462,542,1173,"2021-22","2022"
"326",326,"Terry Rozier",27,"CHO","SG",0.444,518,1167,"2021-22","2022"
"327",327,"CJ McCollum",30,"2TM","PG",0.46,536,1164,"2021-22","2022"
"328",328,"Nikola Vu?evi?",31,"CHI","C",0.473,546,1154,"2021-22","2022"
"329",329,"Saddiq Bey",22,"DET","SF",0.396,450,1136,"2021-22","2022"
"330",330,"Tyler Herro",22,"MIA","SG",0.447,501,1122,"2021-22","2022"
"331",331,"Kevin Durant",33,"BRK","PF",0.518,578,1115,"2021-22","2022"
"332",332,"Jordan Clarkson",29,"UTA","SG",0.419,466,1113,"2021-22","2022"
"333",333,"Desmond Bane",23,"MEM","SG",0.461,508,1101,"2021-22","2022"
"334",334,"Buddy Hield",29,"2TM","SG",0.406,446,1098,"2021-22","2022"
"335",335,"Fred VanVleet",27,"TOR","PG",0.403,442,1097,"2021-22","2022"
"336",336,"De'Aaron Fox",24,"SAC","PG",0.473,516,1092,"2021-22","2022"
"337",337,"Gary Trent Jr.",23,"TOR","SG",0.414,450,1086,"2021-22","2022"
"338",338,"Jordan Poole",22,"GSW","SG",0.448,474,1058,"2021-22","2022"
"339",339,"Shai Gilgeous-Alexander",23,"OKC","PG",0.453,477,1052,"2021-22","2022"
"340",340,"Jaren Jackson Jr.",22,"MEM","PF",0.415,430,1036,"2021-22","2022"
"341",341,"Cade Cunningham",20,"DET","SG",0.416,429,1031,"2021-22","2022"
"342",342,"Tobias Harris",29,"PHI","PF",0.482,493,1022,"2021-22","2022"
"343",343,"Khris Middleton",30,"MIL","SF",0.443,452,1021,"2021-22","2022"
"344",344,"Andrew Wiggins",26,"GSW","SF",0.466,475,1019,"2021-22","2022"
"345",345,"Keldon Johnson",22,"SAS","SF",0.466,471,1011,"2021-22","2022"
"346",346,"Jalen Brunson",25,"DAL","SG",0.502,506,1008,"2021-22","2022"
"347",347,"Tyrese Maxey",21,"PHI","PG",0.485,483,995,"2021-22","2022"
"348",348,"James Harden",32,"2TM","PG",0.41,407,992,"2021-22","2022"
"349",349,"Brandon Ingram",24,"NOP","SF",0.461,453,983,"2021-22","2022"
"350",350,"Franz Wagner",20,"ORL","SF",0.468,456,975,"2021-22","2022"
"351",351,"Jayson Tatum",24,"BOS","SF",0.466,727,1559,"2022-23","2023"
"352",352,"Anthony Edwards",21,"MIN","SG",0.459,707,1541,"2022-23","2023"
"353",353,"Luka Don?i?",23,"DAL","PG",0.496,719,1449,"2022-23","2023"
"354",354,"Julius Randle",28,"NYK","PF",0.459,658,1432,"2022-23","2023"
"355",355,"Donovan Mitchell",26,"CLE","SG",0.484,679,1402,"2022-23","2023"
"356",356,"Trae Young",24,"ATL","PG",0.429,597,1390,"2022-23","2023"
"357",357,"Zach LaVine",27,"CHI","SG",0.485,673,1388,"2022-23","2023"
"358",358,"Jaylen Brown",26,"BOS","SF",0.491,679,1383,"2022-23","2023"
"359",359,"Shai Gilgeous-Alexander",24,"OKC","PG",0.51,704,1381,"2022-23","2023"
"360",360,"Jalen Green",20,"HOU","SG",0.416,566,1359,"2022-23","2023"
"361",361,"CJ McCollum",31,"NOP","PG",0.437,587,1344,"2022-23","2023"
"362",362,"De'Aaron Fox",25,"SAC","PG",0.512,682,1331,"2022-23","2023"
"363",363,"Joel Embiid",28,"PHI","C",0.548,728,1328,"2022-23","2023"
"364",364,"Dejounte Murray",26,"ATL","SG",0.464,612,1319,"2022-23","2023"
"365",365,"Pascal Siakam",28,"TOR","PF",0.48,630,1313,"2022-23","2023"
"366",366,"DeMar DeRozan",33,"CHI","SF",0.504,657,1303,"2022-23","2023"
"367",367,"Giannis Antetokounmpo",28,"MIL","PF",0.553,707,1278,"2022-23","2023"
"368",368,"Jordan Poole",23,"GSW","PG",0.43,550,1278,"2022-23","2023"
"369",369,"Mikal Bridges",26,"2TM","SG",0.468,593,1267,"2022-23","2023"
"370",370,"Klay Thompson",32,"GSW","SF",0.436,546,1252,"2022-23","2023"
"371",371,"LeBron James",38,"LAL","PF",0.5,609,1219,"2022-23","2023"
"372",372,"Ja Morant",23,"MEM","PG",0.466,566,1214,"2022-23","2023"
"373",373,"Kyrie Irving",30,"2TM","SG",0.494,594,1203,"2022-23","2023"
"374",374,"Damian Lillard",32,"POR","PG",0.463,556,1202,"2022-23","2023"
"375",375,"Jalen Brunson",26,"NYK","PG",0.491,587,1195,"2022-23","2023"
"376",376,"Terry Rozier",28,"CHO","SG",0.415,493,1188,"2022-23","2023"
"377",377,"RJ Barrett",22,"NYK","SG",0.434,510,1176,"2022-23","2023"
"378",378,"Nikola Vu?evi?",32,"CHI","C",0.52,597,1148,"2022-23","2023"
"379",379,"Lauri Markkanen",25,"UTA","PF",0.499,571,1145,"2022-23","2023"
"380",380,"Kyle Kuzma",27,"WAS","PF",0.448,512,1142,"2022-23","2023"
"381",381,"Stephen Curry",34,"GSW","PG",0.493,559,1133,"2022-23","2023"
"382",382,"Darius Garland",23,"CLE","PG",0.462,522,1129,"2022-23","2023"
"383",383,"Paolo Banchero",20,"ORL","PF",0.427,479,1122,"2022-23","2023"
"384",384,"Franz Wagner",21,"ORL","SF",0.485,542,1118,"2022-23","2023"
"385",385,"Josh Giddey",20,"OKC","PF",0.482,539,1118,"2022-23","2023"
"386",386,"Bam Adebayo",25,"MIA","C",0.54,602,1114,"2022-23","2023"
"387",387,"Keldon Johnson",23,"SAS","SF",0.452,503,1113,"2022-23","2023"
"388",388,"Fred VanVleet",28,"TOR","PG",0.393,437,1112,"2022-23","2023"
"389",389,"Tyler Herro",23,"MIA","SG",0.439,487,1109,"2022-23","2023"
"390",390,"Devin Booker",26,"PHO","SG",0.494,527,1067,"2022-23","2023"
"391",391,"Spencer Dinwiddie",29,"2TM","SG",0.438,460,1050,"2022-23","2023"
"392",392,"Anfernee Simons",23,"POR","SG",0.447,467,1045,"2022-23","2023"
"393",393,"Jamal Murray",25,"DEN","PG",0.454,473,1041,"2022-23","2023"
"394",394,"Buddy Hield",30,"IND","SF",0.458,475,1038,"2022-23","2023"
"395",395,"Jordan Clarkson",30,"UTA","SG",0.444,458,1031,"2022-23","2023"
"396",396,"Jrue Holiday",32,"MIL","PG",0.479,490,1023,"2022-23","2023"
"397",397,"Nikola Joki?",27,"DEN","C",0.632,646,1022,"2022-23","2023"
"398",398,"Kristaps Porzi??is",27,"WAS","C",0.498,507,1018,"2022-23","2023"
"399",399,"Scottie Barnes",21,"TOR","SF",0.456,463,1016,"2022-23","2023"
"400",400,"Paul George",32,"LAC","SF",0.457,459,1004,"2022-23","2023"
"401",401,"Luka Don?i?",24,"DAL","PG",0.487,804,1652,"2023-24","2024"
"402",402,"Jalen Brunson",27,"NYK","PG",0.479,790,1648,"2023-24","2024"
"403",403,"Anthony Edwards",22,"MIN","SG",0.461,718,1558,"2023-24","2024"
"404",404,"De'Aaron Fox",26,"SAC","PG",0.465,720,1549,"2023-24","2024"
"405",405,"Shai Gilgeous-Alexander",25,"OKC","PG",0.535,796,1487,"2023-24","2024"
"406",406,"Dejounte Murray",27,"ATL","SG",0.459,672,1463,"2023-24","2024"
"407",407,"Stephen Curry",35,"GSW","PG",0.45,650,1445,"2023-24","2024"
"408",408,"Kevin Durant",35,"PHO","PF",0.523,751,1436,"2023-24","2024"
"409",409,"Jayson Tatum",25,"BOS","PF",0.471,672,1426,"2023-24","2024"
"410",410,"Tyrese Maxey",23,"PHI","PG",0.45,638,1419,"2023-24","2024"
"411",411,"Nikola Joki?",28,"DEN","C",0.583,822,1411,"2023-24","2024"
"412",412,"Paolo Banchero",21,"ORL","PF",0.455,640,1407,"2023-24","2024"
"413",413,"Giannis Antetokounmpo",29,"MIL","PF",0.611,837,1369,"2023-24","2024"
"414",414,"DeMar DeRozan",34,"CHI","SF",0.48,650,1355,"2023-24","2024"
"415",415,"Jalen Green",21,"HOU","SG",0.423,563,1332,"2023-24","2024"
"416",416,"Kyle Kuzma",28,"WAS","PF",0.463,608,1313,"2023-24","2024"
"417",417,"Devin Booker",27,"PHO","PG",0.492,642,1305,"2023-24","2024"
"418",418,"Mikal Bridges",27,"BRK","SF",0.436,564,1294,"2023-24","2024"
"419",419,"Anthony Davis",30,"LAL","C",0.556,713,1283,"2023-24","2024"
"420",420,"Damian Lillard",33,"MIL","PG",0.424,541,1277,"2023-24","2024"
"421",421,"Pascal Siakam",29,"2TM","PF",0.536,681,1271,"2023-24","2024"
"422",422,"LeBron James",39,"LAL","PF",0.54,685,1269,"2023-24","2024"
"423",423,"Jaylen Brown",27,"BOS","SF",0.499,627,1256,"2023-24","2024"
"424",424,"Paul George",33,"LAC","PF",0.471,582,1236,"2023-24","2024"
"425",425,"Nikola Vu?evi?",33,"CHI","C",0.484,586,1211,"2023-24","2024"
"426",426,"Miles Bridges",25,"CHO","SF",0.462,559,1210,"2023-24","2024"
"427",427,"Coby White",23,"CHI","PG",0.447,541,1209,"2023-24","2024"
"428",428,"Cam Thomas",22,"BRK","SG",0.442,526,1190,"2023-24","2024"
"429",429,"Victor Wembanyama",20,"SAS","C",0.465,551,1186,"2023-24","2024"
"430",430,"Jordan Poole",24,"WAS","SG",0.413,490,1186,"2023-24","2024"
"431",431,"Cade Cunningham",22,"DET","PG",0.449,524,1167,"2023-24","2024"
"432",432,"Kawhi Leonard",32,"LAC","SF",0.525,610,1162,"2023-24","2024"
"433",433,"Jaren Jackson Jr.",24,"MEM","C",0.444,516,1162,"2023-24","2024"
"434",434,"Klay Thompson",33,"GSW","SF",0.432,490,1133,"2023-24","2024"
"435",435,"Kyrie Irving",31,"DAL","SG",0.497,562,1131,"2023-24","2024"
"436",436,"Bogdan Bogdanovi?",31,"ATL","SG",0.428,471,1100,"2023-24","2024"
"437",437,"Franz Wagner",22,"ORL","SF",0.482,528,1096,"2023-24","2024"
"438",438,"Zion Williamson",23,"NOP","PF",0.57,624,1094,"2023-24","2024"
"439",439,"Donovan Mitchell",27,"CLE","SG",0.462,503,1089,"2023-24","2024"
"440",440,"Brandon Miller",21,"CHO","SF",0.44,476,1083,"2023-24","2024"
"441",441,"D'Angelo Russell",27,"LAL","PG",0.456,492,1080,"2023-24","2024"
"442",442,"Michael Porter Jr.",25,"DEN","SF",0.484,522,1079,"2023-24","2024"
"443",443,"Domantas Sabonis",27,"SAC","C",0.594,634,1068,"2023-24","2024"
"444",444,"Devin Vassell",23,"SAS","SG",0.472,498,1056,"2023-24","2024"
"445",445,"CJ McCollum",32,"NOP","PG",0.459,484,1055,"2023-24","2024"
"446",446,"Tyrese Haliburton",23,"IND","PG",0.477,500,1048,"2023-24","2024"
"447",447,"Collin Sexton",25,"UTA","SG",0.487,506,1038,"2023-24","2024"
"448",448,"Fred VanVleet",29,"HOU","PG",0.416,423,1018,"2023-24","2024"
"449",449,"Bam Adebayo",26,"MIA","C",0.521,530,1017,"2023-24","2024"
"450",450,"Brandon Ingram",26,"NOP","SF",0.492,500,1017,"2023-24","2024"
"451",451,"Shai Gilgeous-Alexander",26,"OKC","PG",0.519,860,1656,"2024-25","2025"
"452",452,"Anthony Edwards",23,"MIN","SG",0.447,721,1612,"2024-25","2025"
"453",453,"Jayson Tatum",26,"BOS","PF",0.452,662,1465,"2024-25","2025"
"454",454,"Cade Cunningham",23,"DET","PG",0.469,684,1457,"2024-25","2025"
"455",455,"Jalen Green",22,"HOU","SG",0.423,608,1437,"2024-25","2025"
"456",456,"Devin Booker",28,"PHO","SG",0.461,654,1420,"2024-25","2025"
"457",457,"Tyler Herro",25,"MIA","SG",0.472,651,1378,"2024-25","2025"
"458",458,"Trae Young",26,"ATL","PG",0.411,566,1376,"2024-25","2025"
"459",459,"Nikola Joki?",29,"DEN","C",0.576,786,1364,"2024-25","2025"
"460",460,"Donovan Mitchell",28,"CLE","SG",0.443,585,1320,"2024-25","2025"
"461",461,"Giannis Antetokounmpo",30,"MIL","PF",0.601,793,1319,"2024-25","2025"
"462",462,"DeMar DeRozan",35,"SAC","SF",0.477,624,1308,"2024-25","2025"
"463",463,"James Harden",35,"LAC","PG",0.41,531,1295,"2024-25","2025"
"464",464,"LeBron James",40,"LAL","SF",0.513,651,1270,"2024-25","2025"
"465",465,"Stephen Curry",36,"GSW","PG",0.448,564,1258,"2024-25","2025"
"466",466,"Zach LaVine",29,"2TM","SG",0.511,625,1223,"2024-25","2025"
"467",467,"Karl-Anthony Towns",29,"NYK","C",0.526,639,1215,"2024-25","2025"
"468",468,"Jaren Jackson Jr.",25,"MEM","C",0.488,592,1213,"2024-25","2025"
"469",469,"Jalen Brunson",28,"NYK","PG",0.488,585,1200,"2024-25","2025"
"470",470,"Mikal Bridges",28,"NYK","SF",0.5,592,1183,"2024-25","2025"
"471",471,"Pascal Siakam",30,"IND","PF",0.519,613,1182,"2024-25","2025"
"472",472,"Darius Garland",25,"CLE","PG",0.472,554,1174,"2024-25","2025"
"473",473,"Jalen Williams",23,"OKC","SG",0.484,565,1168,"2024-25","2025"
"474",474,"De'Aaron Fox",27,"2TM","PG",0.463,539,1163,"2024-25","2025"
"475",475,"Franz Wagner",23,"ORL","SF",0.463,537,1161,"2024-25","2025"
"476",476,"Alperen ?engün",22,"HOU","C",0.496,567,1143,"2024-25","2025"
"477",477,"Anfernee Simons",25,"POR","SG",0.426,479,1125,"2024-25","2025"
"478",478,"Kevin Durant",36,"PHO","PF",0.527,592,1124,"2024-25","2025"
"479",479,"Coby White",24,"CHI","SG",0.453,508,1121,"2024-25","2025"
"480",480,"Jamal Murray",27,"DEN","PG",0.474,531,1121,"2024-25","2025"
"481",481,"Jaylen Brown",28,"BOS","SF",0.463,518,1118,"2024-25","2025"
"482",482,"Bam Adebayo",27,"MIA","C",0.485,540,1113,"2024-25","2025"
"483",483,"Shaedon Sharpe",21,"POR","SG",0.452,499,1104,"2024-25","2025"
"484",484,"Tyrese Maxey",24,"PHI","PG",0.437,477,1091,"2024-25","2025"
"485",485,"Miles Bridges",26,"CHO","PF",0.431,469,1089,"2024-25","2025"
"486",486,"Malik Beasley",28,"DET","SG",0.43,461,1071,"2024-25","2025"
"487",487,"Scottie Barnes",23,"TOR","PF",0.446,474,1063,"2024-25","2025"
"488",488,"Jordan Poole",25,"WAS","SG",0.432,457,1057,"2024-25","2025"
"489",489,"Michael Porter Jr.",26,"DEN","SF",0.504,528,1048,"2024-25","2025"
"490",490,"Nikola Vu?evi?",34,"CHI","C",0.53,550,1038,"2024-25","2025"
"491",491,"Austin Reaves",26,"LAL","SG",0.46,477,1037,"2024-25","2025"
"492",492,"OG Anunoby",27,"NYK","PF",0.476,489,1027,"2024-25","2025"
"493",493,"Luka Don?i?",25,"2TM","PG",0.45,461,1025,"2024-25","2025"
"494",494,"Desmond Bane",26,"MEM","SG",0.484,493,1018,"2024-25","2025"
"495",495,"Tyrese Haliburton",24,"IND","PG",0.473,476,1006,"2024-25","2025"
"496",496,"LaMelo Ball",23,"CHO","PG",0.405,406,1003,"2024-25","2025"
"497",497,"CJ McCollum",33,"NOP","PG",0.444,444,1000,"2024-25","2025"
"498",498,"Damian Lillard",34,"MIL","PG",0.448,444,992,"2024-25","2025"
"499",499,"Stephon Castle",20,"SAS","PG",0.428,423,988,"2024-25","2025"
"500",500,"RJ Barrett",24,"TOR","SF",0.468,460,982,"2024-25","2025"
