"","X.x","season_end","player","opp_dist","other_dist","dist_diff","X.y","Age","Team","Pos","FG.","FG","FGA","Season","Pos_group"
"1",1,"2020","Luka Doncic",22.1619511049289,14.4476019091475,7.71434919578144,209,20,"DAL","PG",0.463,581,1255,"2019-20","G"
"2",2,"2025","Miles Bridges",20.8955961989833,13.9999732723727,6.8956229266106,485,26,"CHO","PF",0.431,469,1089,"2024-25","F"
"3",3,"2023","Anthony Edwards",20.4666441364113,13.6227988646677,6.84384527174357,352,21,"MIN","SG",0.459,707,1541,"2022-23","G"
"4",4,"2019","Luka Doncic",22.3265245047335,15.7839753342892,6.54254917044429,178,19,"DAL","SG",0.427,506,1186,"2018-19","G"
"5",5,"2021","Anthony Edwards",20.766246402601,14.3821277591688,6.38411864343213,261,19,"MIN","SG",0.417,505,1211,"2020-21","G"
"6",6,"2023","Anfernee Simons",24.1064183965358,17.7937266187218,6.31269177781401,392,23,"POR","SG",0.447,467,1045,"2022-23","G"
"7",7,"2025","Luka Doncic",23.7769073749559,17.7305206413747,6.04638673358118,493,25,"2TM","PG",0.45,461,1025,"2024-25","G"
"8",8,"2021","Luka Doncic",21.545735049394,15.5065088759252,6.03922617346879,254,21,"DAL","PG",0.479,647,1351,"2020-21","G"
"9",9,"2025","Franz Wagner",18.2543349696182,12.2412393765201,6.01309559309814,475,23,"ORL","SF",0.463,537,1161,"2024-25","F"
"10",10,"2025","Zach LaVine",21.4048502764208,15.4941832773192,5.91066699910158,466,29,"2TM","SG",0.511,625,1223,"2024-25","G"
"11",11,"2019","Kyle Kuzma",18.880466878752,13.169318891052,5.71114798770002,191,23,"LAL","PF",0.456,496,1087,"2018-19","F"
"12",12,"2021","Coby White",22.2558643821722,16.5674663783475,5.68839800382479,292,20,"CHI","PG",0.416,375,902,"2020-21","G"
"13",13,"2019","Giannis Antetokounmpo",12.9693102157719,7.36365576622922,5.60565444954265,171,24,"MIL","PF",0.578,721,1247,"2018-19","F"
"14",14,"2019","Blake Griffin",18.5849309989621,13.0147377987415,5.57019320022058,163,29,"DET","PF",0.462,619,1341,"2018-19","F"
"15",15,"2020","D'Angelo Russell",24.483847850587,18.9425089149138,5.54133893567317,248,23,"2TM","PG",0.426,360,846,"2019-20","G"
"16",16,"2024","Luka Doncic",22.3533342848716,16.8747726991569,5.47856158571469,401,24,"DAL","PG",0.487,804,1652,"2023-24","G"
"17",17,"2020","LeBron James",18.0083699578472,12.5644785479448,5.44389140990233,206,35,"LAL","PG",0.493,643,1303,"2019-20","G"
"18",18,"2020","Nikola Vucevic",17.7249053673104,12.3983442429708,5.32656112433957,224,29,"ORL","C",0.477,493,1033,"2019-20","C"
"19",19,"2025","LaMelo Ball",23.2747818693136,18.0091688757461,5.26561299356745,496,23,"CHO","PG",0.405,406,1003,"2024-25","G"
"20",20,"2017","Damian Lillard",20.08813047748,14.8448080127439,5.24332246473609,56,26,"POR","PG",0.444,661,1488,"2016-17","G"
"21",21,"2025","Donovan Mitchell",22.205911279426,17.0636324486459,5.14227883078007,460,28,"CLE","SG",0.443,585,1320,"2024-25","G"
"22",22,"2020","Jayson Tatum",19.4386807410885,14.3072839588411,5.13139678224731,212,21,"BOS","PF",0.45,552,1226,"2019-20","F"
"23",23,"2017","Mike Conley",21.0498999982929,15.9454855531443,5.1044144451486,87,29,"MEM","PG",0.46,464,1009,"2016-17","G"
"24",24,"2023","Franz Wagner",16.8516666396026,11.8035852729114,5.04808136669124,384,21,"ORL","SF",0.485,542,1118,"2022-23","F"
"25",25,"2021","Zach LaVine",19.6781192958845,14.8802320382802,4.79788725760433,263,25,"CHI","SG",0.507,569,1123,"2020-21","G"
"26",26,"2024","Damian Lillard",22.0461191692375,17.260155170656,4.78596399858142,420,33,"MIL","PG",0.424,541,1277,"2023-24","G"
"27",27,"2021","Damian Lillard",22.82205421548,18.0639624116652,4.75809180381479,255,30,"POR","PG",0.451,602,1334,"2020-21","G"
"28",28,"2024","D'Angelo Russell",22.0094926959397,17.2621302089619,4.74736248697787,441,27,"LAL","PG",0.456,492,1080,"2023-24","G"
"29",29,"2023","Luka Doncic",19.4469189415413,14.7295183998511,4.71740054169021,353,23,"DAL","PG",0.496,719,1449,"2022-23","G"
"30",30,"2018","LeBron James",15.8409668750228,11.1916618624247,4.64930501259807,102,33,"CLE","PF",0.542,857,1580,"2017-18","F"
"31",31,"2018","Paul George",21.1109701443348,16.5233739997574,4.58759614457738,114,27,"OKC","SF",0.43,576,1340,"2017-18","F"
"32",32,"2023","Zach LaVine",19.4117317633451,14.8302845192298,4.58144724411531,357,27,"CHI","SG",0.485,673,1388,"2022-23","G"
"33",33,"2021","LeBron James",18.4016274566888,13.8662464170455,4.53538103964332,298,36,"LAL","PG",0.513,422,823,"2020-21","G"
"34",34,"2020","Zach LaVine",18.194514447111,13.7734909124273,4.42102353468369,213,24,"CHI","SF",0.45,539,1199,"2019-20","F"
"35",35,"2020","Jrue Holiday",16.4922625669518,12.0740716176301,4.41819094932172,228,29,"NOP","SG",0.455,458,1006,"2019-20","G"
"36",36,"2018","Damian Lillard",20.5289686909428,16.1168117526053,4.41215693833748,107,27,"POR","PG",0.439,621,1415,"2017-18","G"
"37",37,"2021","Tim Hardaway Jr.",22.7549893175935,18.3440891664325,4.41090015116093,289,28,"DAL","SG",0.447,407,911,"2020-21","G"
"38",38,"2019","Zach LaVine",16.0880385163909,11.6841946540207,4.40384386237024,184,23,"CHI","SG",0.467,530,1135,"2018-19","G"
"39",39,"2025","Trae Young",21.7681276919144,17.3869227261352,4.38120496577915,458,26,"ATL","PG",0.411,566,1376,"2024-25","G"
"40",40,"2019","LeBron James",16.4623125476305,12.0965901492522,4.36572239837831,189,34,"LAL","SF",0.51,558,1095,"2018-19","F"
"41",41,"2017","LeBron James",14.8726009617078,10.5117297721636,4.3608711895442,69,32,"CLE","SF",0.548,736,1344,"2016-17","F"
"42",42,"2025","Anfernee Simons",22.2664987403509,17.9205787151538,4.34592002519702,477,25,"POR","SG",0.426,479,1125,"2024-25","G"
"43",43,"2024","Fred VanVleet",24.5400233468861,20.1970860812023,4.34293726568386,448,29,"HOU","PG",0.416,423,1018,"2023-24","G"
"44",44,"2024","Jaren Jackson Jr.",16.331079778165,11.9960066586032,4.33507311956184,433,24,"MEM","C",0.444,516,1162,"2023-24","C"
"45",45,"2018","Jordan Clarkson",18.6436766115785,14.3322836517295,4.31139295984901,142,25,"2TM","SG",0.451,430,954,"2017-18","G"
"46",46,"2021","Andrew Wiggins",18.5739542233248,14.3021722345234,4.27178198880145,275,25,"GSW","PF",0.477,505,1058,"2020-21","F"
"47",47,"2016","Isaiah Thomas",16.7899367730147,12.569763000972,4.22017377204277,9,26,"BOS","PG",0.428,591,1382,"2015-16","G"
"48",48,"2019","Reggie Jackson",20.8434434871638,16.6401877535978,4.20325573356606,195,28,"DET","PG",0.421,441,1047,"2018-19","G"
"49",49,"2017","Stephen Curry",22.5056275253063,18.3063046014634,4.19932292384294,60,28,"GSW","PG",0.468,675,1443,"2016-17","G"
"50",50,"2022","LeBron James",17.781179816299,13.5947352588847,4.18644455741431,317,37,"LAL","C",0.524,640,1221,"2021-22","C"
"51",51,"2017","Isaiah Thomas",18.3806272084592,14.2133680959076,4.16725911255161,58,27,"BOS","PG",0.463,682,1473,"2016-17","G"
"52",52,"2020","Trae Young",21.2465893679334,17.0881965554371,4.15839281249624,210,21,"ATL","PG",0.437,546,1249,"2019-20","G"
"53",53,"2022","Giannis Antetokounmpo",13.9481001928853,9.80963617706099,4.13846401582429,311,27,"MIL","PF",0.553,689,1245,"2021-22","F"
"54",54,"2022","Trae Young",20.8623926957669,16.7622911133542,4.10010158241277,302,23,"ATL","PG",0.46,711,1544,"2021-22","G"
"55",55,"2023","Damian Lillard",22.0812307381954,18.075268992601,4.00596174559439,374,32,"POR","PG",0.463,556,1202,"2022-23","G"
"56",56,"2020","Jordan Clarkson",19.4620979711297,15.4780685122323,3.98402945889743,246,27,"2TM","SG",0.454,394,867,"2019-20","G"
"57",57,"2020","Bojan Bogdanovic",19.5273102869573,15.5743007696726,3.95300951728469,237,30,"UTA","SF",0.447,418,935,"2019-20","F"
"58",58,"2024","Tyrese Maxey",18.9254637470043,14.9976020644632,3.9278616825411,410,23,"PHI","PG",0.45,638,1419,"2023-24","G"
"59",59,"2021","Giannis Antetokounmpo",12.7366637679042,8.81227694599008,3.92438682191412,269,26,"MIL","PF",0.569,626,1100,"2020-21","F"
"60",60,"2018","Lou Williams",19.0917778728635,15.2037265165276,3.88805135633585,115,31,"LAC","SG",0.435,582,1337,"2017-18","G"
"61",61,"2018","Anthony Davis",13.0965422957036,9.23167901377672,3.86486328192684,105,24,"NOP","PF",0.534,780,1462,"2017-18","F"
"62",62,"2020","Andrew Wiggins",17.6324403926004,13.7760206232283,3.85641976937207,230,24,"2TM","SF",0.447,437,978,"2019-20","F"
"63",63,"2022","Jordan Poole",21.5427324675555,17.6931750167373,3.84955745081816,338,22,"GSW","SG",0.448,474,1058,"2021-22","G"
"64",64,"2019","Kawhi Leonard",17.3189289690229,13.4754873497131,3.84344161930976,185,27,"TOR","SF",0.496,560,1129,"2018-19","F"
"65",65,"2018","DeMar DeRozan",17.1187186744906,13.2969342464003,3.82178442809034,108,28,"TOR","SG",0.456,645,1413,"2017-18","G"
"66",66,"2021","Jaylen Brown",18.0740241038286,14.2603563970223,3.8136677068063,265,24,"BOS","SG",0.484,538,1111,"2020-21","G"
"67",67,"2025","Darius Garland",20.3335175650807,16.5260372364902,3.8074803285905,472,25,"CLE","PG",0.472,554,1174,"2024-25","G"
"68",68,"2017","Dennis Schroder",15.271969114229,11.4749006449283,3.7970684693007,75,23,"ATL","PG",0.451,548,1214,"2016-17","G"
"69",69,"2022","James Harden",18.7650918695162,14.9695947075123,3.79549716200393,348,32,"2TM","PG",0.41,407,992,"2021-22","G"
"70",70,"2016","Stephen Curry",21.7145850165711,17.9333753837632,3.78120963280789,2,27,"GSW","PG",0.504,805,1598,"2015-16","G"
"71",71,"2023","Stephen Curry",22.5328391808908,18.7551748712048,3.77766430968602,381,34,"GSW","PG",0.493,559,1133,"2022-23","G"
"72",72,"2019","Bradley Beal",18.6509859968927,14.896833520819,3.75415247607365,154,25,"WAS","SG",0.475,764,1609,"2018-19","G"
"73",73,"2017","Tobias Harris",16.7058738368543,13.0065193826967,3.69935445415761,81,24,"DET","PF",0.481,511,1063,"2016-17","F"
"74",74,"2022","Stephen Curry",23.8493600030711,20.1623995032121,3.68696049985898,315,33,"GSW","PG",0.437,535,1224,"2021-22","G"
"75",75,"2023","CJ McCollum",19.7971423254637,16.1185640323561,3.67857829310756,361,31,"NOP","PG",0.437,587,1344,"2022-23","G"
"76",76,"2017","Kevin Durant",17.1406538244852,13.4664123652197,3.67424145926557,85,28,"GSW","PF",0.537,551,1026,"2016-17","F"
"77",77,"2019","Joel Embiid",14.4828796565934,10.8127894174507,3.67009023914276,177,24,"PHI","C",0.484,580,1199,"2018-19","C"
"78",78,"2024","Jayson Tatum",19.080208680661,15.4182094722243,3.66199920843669,409,25,"BOS","PF",0.471,672,1426,"2023-24","F"
"79",79,"2017","Goran Dragic",15.9938911408403,12.3375215775213,3.65636956331901,79,30,"MIA","PG",0.475,534,1124,"2016-17","G"
"80",80,"2018","Jrue Holiday",15.6184303453528,11.9623565000821,3.6560738452707,118,27,"NOP","SG",0.494,615,1244,"2017-18","G"
"81",81,"2020","Donovan Mitchell",18.591043108778,14.9450529373208,3.64599017145723,204,23,"UTA","SG",0.449,602,1342,"2019-20","G"
"82",82,"2020","Damian Lillard",20.4970871509007,16.8740805214513,3.6230066294494,203,29,"POR","PG",0.463,624,1349,"2019-20","G"
"83",83,"2021","Terry Rozier",20.3254904740793,16.7151149423702,3.61037553170911,262,26,"CHO","SG",0.45,510,1134,"2020-21","G"
"84",84,"2016","Damian Lillard",19.2016909177531,15.6029328713238,3.59875804642923,3,25,"POR","PG",0.419,618,1474,"2015-16","G"
"85",85,"2020","Chris Paul",20.6523362557695,17.0665587570573,3.58577749871222,243,34,"OKC","PG",0.489,434,887,"2019-20","G"
"86",86,"2020","Buddy Hield",22.7667273134157,19.183830779245,3.5828965341707,215,27,"SAC","SG",0.429,498,1162,"2019-20","G"
"87",87,"2022","Zach LaVine",18.6475063171193,15.0654251720978,3.58208114502155,323,26,"CHI","SG",0.476,565,1186,"2021-22","G"
"88",88,"2025","Damian Lillard",22.5270030272148,18.9724411482024,3.55456187901236,498,34,"MIL","PG",0.448,444,992,"2024-25","G"
"89",89,"2024","Collin Sexton",15.6541871608656,12.1072488461006,3.54693831476506,447,25,"UTA","SG",0.487,506,1038,"2023-24","G"
"90",90,"2023","Donovan Mitchell",20.1775958947192,16.6420694070112,3.53552648770798,355,26,"CLE","SG",0.484,679,1402,"2022-23","G"
"91",91,"2024","Bogdan Bogdanovic",21.795784120648,18.2683269392016,3.52745718144643,436,31,"ATL","SG",0.428,471,1100,"2023-24","G"
"92",92,"2016","Reggie Jackson",15.9814311420007,12.4569182371001,3.52451290490058,17,25,"DET","PG",0.434,540,1244,"2015-16","G"
"93",93,"2016","DeMarcus Cousins",13.2724108206184,9.76459048314473,3.50782033747364,13,25,"SAC","C",0.451,601,1332,"2015-16","C"
"94",94,"2016","Zach LaVine",18.0046306943559,14.5118916158999,3.492739078456,50,20,"MIN","SG",0.452,433,959,"2015-16","G"
"95",95,"2023","Kyle Kuzma",18.2285484968798,14.7423569976995,3.48619149918032,380,27,"WAS","PF",0.448,512,1142,"2022-23","F"
"96",96,"2025","Jordan Poole",22.3238484149015,18.8590497554372,3.46479865946435,488,25,"WAS","SG",0.432,457,1057,"2024-25","G"
"97",97,"2025","Tyrese Maxey",18.6411474687265,15.179138925666,3.46200854306047,484,24,"PHI","PG",0.437,477,1091,"2024-25","G"
"98",98,"2021","Malcolm Brogdon",18.0006276611106,14.560802502921,3.43982515818955,279,28,"IND","PG",0.453,444,980,"2020-21","G"
"99",99,"2017","Brook Lopez",15.7969376926173,12.3587029109881,3.4382347816292,76,28,"BRK","C",0.474,555,1172,"2016-17","C"
"100",100,"2023","Terry Rozier",18.5336678275135,15.0975431786405,3.43612464887292,376,28,"CHO","SG",0.415,493,1188,"2022-23","G"
"101",101,"2021","Jordan Clarkson",20.7181582535445,17.3036632734949,3.4144949800496,272,28,"UTA","SG",0.425,457,1075,"2020-21","G"
"102",102,"2022","Donovan Mitchell",20.2905702639615,16.877828052313,3.4127422116485,306,25,"UTA","SG",0.448,617,1376,"2021-22","G"
"103",103,"2021","Julius Randle",17.6603695398954,14.2592522579992,3.40111728189625,256,26,"NYK","PF",0.456,602,1321,"2020-21","F"
"104",104,"2017","Kawhi Leonard",18.0832850933928,14.6832204856226,3.4000646077702,71,25,"SAS","SF",0.485,636,1312,"2016-17","F"
"105",105,"2018","Kyle Kuzma",17.8775947698919,14.4786788732106,3.39891589668129,132,22,"LAL","PF",0.45,468,1039,"2017-18","F"
"106",106,"2016","LeBron James",13.608700713018,10.2336182723381,3.3750824406799,7,31,"CLE","SF",0.52,737,1416,"2015-16","F"
"107",107,"2025","Jalen Green",19.8365909655236,16.4828808514128,3.35371011411085,455,22,"HOU","SG",0.423,608,1437,"2024-25","G"
"108",108,"2022","LaMelo Ball",19.5808599579045,16.2282656553703,3.35259430253423,309,20,"CHO","PG",0.429,538,1254,"2021-22","G"
"109",109,"2018","James Harden",19.376161794866,16.0278189637478,3.34834283111823,106,28,"HOU","SG",0.449,651,1449,"2017-18","G"
"110",110,"2020","Jaylen Brown",16.8399262284276,13.4961612200899,3.34376500833769,244,23,"BOS","SG",0.481,427,887,"2019-20","G"
"111",111,"2023","Pascal Siakam",15.5693813222483,12.2289102653943,3.34047105685395,365,28,"TOR","PF",0.48,630,1313,"2022-23","F"
"112",112,"2023","Nikola Vucevic",15.8523827867781,12.5377922450073,3.31459054177077,378,32,"CHI","C",0.52,597,1148,"2022-23","C"
"113",113,"2018","Will Barton",16.8738423588228,13.5618456552593,3.31199670356347,134,27,"DEN","SG",0.452,465,1028,"2017-18","G"
"114",114,"2021","Russell Westbrook",16.4895878746139,13.1789851423827,3.31060273223117,260,32,"WAS","PG",0.439,544,1238,"2020-21","G"
"115",115,"2024","De'Aaron Fox",18.3693237835565,15.0740248301851,3.29529895337132,404,26,"SAC","PG",0.465,720,1549,"2023-24","G"
"116",116,"2021","Norman Powell",17.5069151192779,14.2161713900357,3.29074372924223,288,27,"2TM","SG",0.477,438,918,"2020-21","G"
"117",117,"2017","Eric Gordon",21.9877765325892,18.7060173255485,3.28175920704069,86,28,"HOU","SG",0.406,412,1016,"2016-17","G"
"118",118,"2024","Anthony Edwards",17.3445894170348,14.1252569683385,3.21933244869633,403,22,"MIN","SG",0.461,718,1558,"2023-24","G"
"119",119,"2021","Domantas Sabonis",11.9991990747846,8.82052168314194,3.17867739164263,291,24,"IND","PF",0.535,484,904,"2020-21","F"
"120",120,"2016","Kobe Bryant",21.0467959828931,17.8694136350668,3.17738234782628,26,37,"LAL","SF",0.358,398,1113,"2015-16","F"
"121",121,"2023","Giannis Antetokounmpo",11.1634606361315,7.98748687628206,3.17597375984949,367,28,"MIL","PF",0.553,707,1278,"2022-23","F"
"122",122,"2022","Miles Bridges",15.4053028660146,12.2443124558763,3.16099041013828,320,23,"CHO","PF",0.491,596,1214,"2021-22","F"
"123",123,"2024","LeBron James",14.6678510547556,11.5095768508914,3.15827420386418,422,39,"LAL","PF",0.54,685,1269,"2023-24","F"
"124",124,"2025","Stephon Castle",16.0988292482641,12.9409669524313,3.15786229583275,499,20,"SAS","PG",0.428,423,988,"2024-25","G"
"125",125,"2024","Tyrese Haliburton",20.9546377163535,17.7999085096547,3.15472920669882,446,23,"IND","PG",0.477,500,1048,"2023-24","G"
"126",126,"2020","Giannis Antetokounmpo",12.8428969374651,9.70482065611801,3.13807628134705,211,25,"MIL","PF",0.553,685,1238,"2019-20","F"
"127",127,"2023","Jordan Poole",20.558944128542,17.4563608833108,3.10258324523122,368,23,"GSW","PG",0.43,550,1278,"2022-23","G"
"128",128,"2018","Marc Gasol",18.0216395344933,14.923003140211,3.09863639428235,133,33,"MEM","C",0.42,434,1033,"2017-18","C"
"129",129,"2021","De'Aaron Fox",15.9747149355934,12.8783885703954,3.09632636519799,266,23,"SAC","PG",0.477,529,1110,"2020-21","G"
"130",130,"2017","Andrew Wiggins",15.6202347706453,12.5254375866411,3.09479718400423,52,21,"MIN","SF",0.452,709,1570,"2016-17","F"
"131",131,"2022","Jayson Tatum",18.2758299594799,15.1877711065499,3.08805885292998,301,23,"BOS","SF",0.453,708,1564,"2021-22","F"
"132",132,"2019","Lou Williams",16.9296473548226,13.8420078253498,3.08763952947277,183,32,"LAC","SG",0.425,484,1138,"2018-19","G"
"133",133,"2017","DeMar DeRozan",15.5105687853709,12.4240509951162,3.0865177902547,53,27,"TOR","SG",0.467,721,1545,"2016-17","G"
"134",134,"2021","Paul George",19.4720506891928,16.4014105449551,3.0706401442377,283,30,"LAC","SF",0.467,445,953,"2020-21","F"
"135",135,"2020","Kemba Walker",21.0160147487537,17.9542191994063,3.06179554934737,242,29,"BOS","PG",0.425,378,889,"2019-20","G"
"136",136,"2024","Paolo Banchero",15.5316920058427,12.4825371094408,3.04915489640193,412,21,"ORL","PF",0.455,640,1407,"2023-24","F"
"137",137,"2022","Khris Middleton",20.6100693207577,17.5731141102343,3.03695521052336,343,30,"MIL","SF",0.443,452,1021,"2021-22","F"
"138",138,"2016","Chris Paul",19.2843940798607,16.2505214365637,3.03387264329706,25,30,"LAC","PG",0.462,515,1114,"2015-16","G"
"139",139,"2016","Giannis Antetokounmpo",11.1571598936365,8.13008658395073,3.02707330968575,39,21,"MIL","PG",0.506,513,1013,"2015-16","G"
"140",140,"2025","Scottie Barnes",15.9100884342103,12.9045716809971,3.00551675321321,487,23,"TOR","PF",0.446,474,1063,"2024-25","F"
"141",141,"2017","Derrick Rose",11.8026700178337,8.83526533545016,2.96740468238355,92,28,"NYK","PG",0.471,460,977,"2016-17","G"
"142",142,"2025","Malik Beasley",24.0090750658939,21.0445418205893,2.96453324530455,486,28,"DET","SG",0.43,461,1071,"2024-25","G"
"143",143,"2018","Goran Dragic",15.8442833865339,12.8891883092739,2.95509507726008,127,31,"MIA","PG",0.45,484,1075,"2017-18","G"
"144",144,"2023","Klay Thompson",22.6177833524126,19.6844666097919,2.93331674262065,370,32,"GSW","SF",0.436,546,1252,"2022-23","F"
"145",145,"2017","Kristaps Porzingis",16.940637144802,14.0171663557257,2.92347078907629,90,21,"NYK","PF",0.45,443,985,"2016-17","F"
"146",146,"2024","Jalen Brunson",17.4481047541286,14.5268607493306,2.92124400479803,402,27,"NYK","PG",0.479,790,1648,"2023-24","G"
"147",147,"2021","Collin Sexton",14.5936599791066,11.6867132879771,2.90694669112951,267,22,"CLE","SG",0.475,525,1105,"2020-21","G"
"148",148,"2025","Jayson Tatum",19.7979284789955,16.8998413110055,2.89808716798992,453,26,"BOS","PF",0.452,662,1465,"2024-25","F"
"149",149,"2022","Julius Randle",16.9400777438291,14.0422901624091,2.89778758141996,310,27,"NYK","PF",0.411,512,1246,"2021-22","F"
"150",150,"2016","James Harden",17.9805088292237,15.0989936030074,2.88151522621637,1,26,"HOU","SG",0.439,710,1617,"2015-16","G"
"151",151,"2024","Jordan Poole",20.2212711462226,17.3440116839163,2.87725946230632,430,24,"WAS","SG",0.413,490,1186,"2023-24","G"
"152",152,"2019","Andre Drummond",6.96555371447784,4.10248028465282,2.86307342982502,193,25,"DET","C",0.533,561,1052,"2018-19","C"
"153",153,"2024","Brandon Miller",19.5343357851516,16.6725283756742,2.86180740947737,440,21,"CHO","SF",0.44,476,1083,"2023-24","F"
"154",154,"2021","Brandon Ingram",18.8786967879072,16.0209488248095,2.85774796309774,268,23,"NOP","SF",0.466,513,1101,"2020-21","F"
"155",155,"2025","Michael Porter Jr.",18.9863506641598,16.1428433182169,2.84350734594285,489,26,"DEN","SF",0.504,528,1048,"2024-25","F"
"156",156,"2024","Cam Thomas",17.6156016541545,14.7777046735164,2.83789698063809,428,22,"BRK","SG",0.442,526,1190,"2023-24","G"
"157",157,"2021","Chris Paul",19.6586649830915,16.8297870584533,2.82887792463816,295,35,"PHO","PG",0.499,439,879,"2020-21","G"
"158",158,"2023","Jordan Clarkson",18.4527311698415,15.6435713557721,2.80915981406936,395,30,"UTA","SG",0.444,458,1031,"2022-23","G"
"159",159,"2021","CJ McCollum",20.430911045115,17.6265439585804,2.80436708653457,294,29,"POR","SG",0.458,405,884,"2020-21","G"
"160",160,"2019","Jrue Holiday",15.0720902213795,12.2722917726638,2.79979844871576,181,28,"NOP","SG",0.472,547,1159,"2018-19","G"
"161",161,"2025","Kevin Durant",18.1542171974675,15.3635107494447,2.7907064480228,478,36,"PHO","PF",0.527,592,1124,"2024-25","F"
"162",162,"2025","Jalen Brunson",17.1477352345321,14.3614076106859,2.78632762384618,469,28,"NYK","PG",0.488,585,1200,"2024-25","G"
"163",163,"2023","Jamal Murray",19.3410026744543,16.5589887477917,2.78201392666257,393,25,"DEN","PG",0.454,473,1041,"2022-23","G"
"164",164,"2025","Shaedon Sharpe",18.8419497546314,16.0607709758242,2.7811787788072,483,21,"POR","SG",0.452,499,1104,"2024-25","G"
"165",165,"2024","Jaylen Brown",15.8531337724462,13.1041770930145,2.74895667943166,423,27,"BOS","SF",0.499,627,1256,"2023-24","F"
"166",166,"2022","Jaylen Brown",17.3675612916609,14.6352779325286,2.73228335913237,318,25,"BOS","SF",0.473,576,1217,"2021-22","F"
"167",167,"2018","Nikola Jokic",15.0046475697187,12.2813865469323,2.72326102278637,136,22,"DEN","C",0.499,504,1010,"2017-18","C"
"168",168,"2018","Gary Harris",18.0274361735733,15.305090141085,2.72234603248832,149,23,"DEN","SG",0.485,440,908,"2017-18","G"
"169",169,"2025","Mikal Bridges",17.6265211224657,14.9148657166161,2.71165540584959,470,28,"NYK","SF",0.5,592,1183,"2024-25","F"
"170",170,"2025","CJ McCollum",19.0177018240428,16.3166909511887,2.70101087285405,497,33,"NOP","PG",0.444,444,1000,"2024-25","G"
"171",171,"2016","Will Barton",15.5345515265191,12.8371087249754,2.69744280154366,43,25,"DEN","SG",0.432,425,983,"2015-16","G"
"172",172,"2018","Eric Bledsoe",16.8648552138446,14.1677078390651,2.69714737477946,139,28,"2TM","PG",0.473,468,989,"2017-18","G"
"173",173,"2018","TJ Warren",11.9765055218224,9.28496012104874,2.69154540077362,128,24,"PHO","SF",0.498,529,1063,"2017-18","F"
"174",174,"2022","Franz Wagner",13.3842391904224,10.7051481075125,2.6790910829099,350,20,"ORL","SF",0.468,456,975,"2021-22","F"
"175",175,"2022","Luka Doncic",18.7543634092479,16.0759394855442,2.67842392370372,305,22,"DAL","PG",0.457,641,1403,"2021-22","G"
"176",176,"2023","LeBron James",15.5886770560238,12.9450789016136,2.64359815441023,371,38,"LAL","PF",0.5,609,1219,"2022-23","F"
"177",177,"2020","Collin Sexton",13.9170541735575,11.2808378855764,2.63621628798111,220,21,"CLE","PG",0.472,513,1086,"2019-20","G"
"178",178,"2024","Jalen Green",18.6459958371188,16.0223038974246,2.62369193969414,415,21,"HOU","SG",0.423,563,1332,"2023-24","G"
"179",179,"2020","Anthony Davis",13.9203955927445,11.2977905092947,2.62260508344979,218,26,"LAL","PF",0.503,551,1096,"2019-20","F"
"180",180,"2022","Joel Embiid",14.7012233385177,12.0862582490795,2.61496508943821,307,27,"PHI","C",0.499,666,1334,"2021-22","C"
"181",181,"2020","Kendrick Nunn",18.4663305889046,15.8584663898435,2.60786419906117,240,24,"MIA","PG",0.439,401,914,"2019-20","G"
"182",182,"2020","Evan Fournier",19.3337015055248,16.7276678293008,2.60603367622407,239,27,"ORL","SF",0.467,434,929,"2019-20","F"
"183",183,"2023","Julius Randle",17.8903431708299,15.2863485933777,2.60399457745225,354,28,"NYK","PF",0.459,658,1432,"2022-23","F"
"184",184,"2016","DeMar DeRozan",14.3246879498493,11.732060749874,2.59262719997526,11,26,"TOR","SG",0.446,614,1377,"2015-16","G"
"185",185,"2022","Andrew Wiggins",17.7108889972957,15.1254899206878,2.58539907660791,344,26,"GSW","SF",0.466,475,1019,"2021-22","F"
"186",186,"2022","Tyler Herro",18.4828520783196,15.8977280098596,2.58512406846008,330,22,"MIA","SG",0.447,501,1122,"2021-22","G"
"187",187,"2021","Bradley Beal",16.1180461339678,13.5389286299762,2.57911750399156,252,27,"WAS","SG",0.485,670,1382,"2020-21","G"
"188",188,"2018","Victor Oladipo",17.7244837140907,15.1573487374439,2.56713497664684,113,25,"IND","SG",0.477,640,1342,"2017-18","G"
"189",189,"2024","Klay Thompson",22.965069124611,20.4138848423145,2.55118428229648,434,33,"GSW","SF",0.432,490,1133,"2023-24","F"
"190",190,"2022","Anthony Edwards",18.1205922319656,15.5759618481366,2.54463038382897,312,20,"MIN","SG",0.441,549,1245,"2021-22","G"
"191",191,"2019","Collin Sexton",16.1535847354189,13.6168417619344,2.53674297348448,176,20,"CLE","PG",0.43,519,1206,"2018-19","G"
"192",192,"2025","Nikola Jokic",13.7187409149295,11.1942414934522,2.5244994214773,459,29,"DEN","C",0.576,786,1364,"2024-25","C"
"193",193,"2024","Miles Bridges",16.1375820432831,13.6295400694666,2.50804197381659,426,25,"CHO","SF",0.462,559,1210,"2023-24","F"
"194",194,"2023","Tyler Herro",19.8283093957793,17.3233585421124,2.50495085366688,389,23,"MIA","SG",0.439,487,1109,"2022-23","G"
"195",195,"2016","Dwyane Wade",12.4534438843933,9.94893397020794,2.50450991418535,20,34,"MIA","SG",0.456,540,1183,"2015-16","G"
"196",196,"2019","D'Angelo Russell",19.347123061715,16.8647184892869,2.48240457242809,157,22,"BRK","PG",0.434,659,1517,"2018-19","G"
"197",197,"2017","Russell Westbrook",16.1291634364005,13.6594855841033,2.46967785229718,51,28,"OKC","PG",0.425,824,1941,"2016-17","G"
"198",198,"2017","Marc Gasol",16.1700832792526,13.7230065256419,2.44707675361067,77,32,"MEM","C",0.459,532,1160,"2016-17","C"
"199",199,"2021","Tobias Harris",13.9630636654478,11.5395885965059,2.42347506894191,286,28,"PHI","PF",0.512,473,924,"2020-21","F"
"200",200,"2020","James Harden",19.3315768523605,16.9149696736415,2.416607178719,201,30,"HOU","SG",0.444,672,1514,"2019-20","G"
"201",201,"2019","Damian Lillard",18.4106049620963,16.025837776605,2.38476718549134,155,28,"POR","PG",0.444,681,1533,"2018-19","G"
"202",202,"2016","Kyle Lowry",18.7442278736519,16.3668675209029,2.37736035274895,19,29,"TOR","PG",0.427,512,1198,"2015-16","G"
"203",203,"2021","Jayson Tatum",17.1602845330023,14.7873610951271,2.37292343787516,257,22,"BOS","SF",0.459,605,1318,"2020-21","F"
"204",204,"2016","Kawhi Leonard",16.0597565143355,13.7158601447663,2.34389636956917,29,24,"SAS","SF",0.506,551,1090,"2015-16","F"
"205",205,"2025","DeMar DeRozan",17.602782144774,15.2669265682276,2.3358555765464,462,35,"SAC","SF",0.477,624,1308,"2024-25","F"
"206",206,"2019","Julius Randle",10.7289018038756,8.40011403153792,2.32878777233763,190,24,"NOP","PF",0.524,571,1089,"2018-19","F"
"207",207,"2020","Jamal Murray",17.8835477562325,15.5920436648417,2.29150409139083,241,22,"DEN","PG",0.456,408,894,"2019-20","G"
"208",208,"2020","Julius Randle",12.9244953055571,10.6368138552323,2.2876814503248,227,25,"NYK","PF",0.46,463,1006,"2019-20","F"
"209",209,"2021","Stephen Curry",21.6264942549196,19.3395166678688,2.2869775870508,253,32,"GSW","PG",0.482,658,1365,"2020-21","G"
"210",210,"2017","Anthony Davis",12.5981847222405,10.3115956006338,2.28658912160667,55,23,"NOP","C",0.505,770,1526,"2016-17","C"
"211",211,"2020","Domantas Sabonis",9.60830936645856,7.33422691871603,2.27408244774253,247,23,"IND","PF",0.54,458,848,"2019-20","F"
"212",212,"2023","Lauri Markkanen",16.9088198023391,14.6525756132888,2.25624418905032,379,25,"UTA","PF",0.499,571,1145,"2022-23","F"
"213",213,"2025","RJ Barrett",13.3055772707627,11.0563819713767,2.24919529938601,500,24,"TOR","SF",0.468,460,982,"2024-25","F"
"214",214,"2016","Jordan Clarkson",15.2566162112249,13.0156730377395,2.24094317348538,28,23,"LAL","SG",0.433,475,1098,"2015-16","G"
"215",215,"2020","Devin Booker",16.3414738915137,14.1144476173862,2.22702627412755,207,23,"PHO","SG",0.489,627,1283,"2019-20","G"
"216",216,"2024","Giannis Antetokounmpo",8.78998076653689,6.57236158930361,2.21761917723327,413,29,"MIL","PF",0.611,837,1369,"2023-24","F"
"217",217,"2020","Nikola Joki",14.2677188832504,12.0546541994136,2.21306468383681,NA,NA,NA,NA,0.528,NA,NA,NA,"C"
"218",218,"2025","Alperen Sengun",9.8933418897691,7.6808408681066,2.21250102166251,476,22,"HOU","C",0.496,567,1143,"2024-25","C"
"219",219,"2016","Derrick Rose",13.4344229206769,11.2243241536588,2.2100987670181,33,27,"CHI","PG",0.427,447,1048,"2015-16","G"
"220",220,"2017","Bradley Beal",18.0086277213935,15.8131617825368,2.19546593885667,70,23,"WAS","SG",0.482,637,1322,"2016-17","G"
"221",221,"2020","Kelly Oubre Jr.",15.1104144806944,12.9175765320873,2.1928379486071,250,24,"PHO","SF",0.452,373,826,"2019-20","F"
"222",222,"2017","Marcus Morris",19.3958107141096,17.212915836591,2.18289487751861,88,27,"DET","SF",0.418,421,1007,"2016-17","F"
"223",223,"2019","Andrew Wiggins",16.2097433463662,14.0339145625638,2.17582878380241,174,23,"MIN","SF",0.412,498,1209,"2018-19","F"
"224",224,"2022","Jaren Jackson Jr.",15.3951692376539,13.2401254295179,2.15504380813599,340,22,"MEM","PF",0.415,430,1036,"2021-22","F"
"225",225,"2023","Jayson Tatum",17.0925935366714,14.9418918173132,2.15070171935812,351,24,"BOS","SF",0.466,727,1559,"2022-23","F"
"226",226,"2024","Franz Wagner",13.5633266884245,11.4248335347822,2.13849315364233,437,22,"ORL","SF",0.482,528,1096,"2023-24","F"
"227",227,"2024","Michael Porter Jr.",19.7858893696569,17.6570390235971,2.12885034605982,442,25,"DEN","SF",0.484,522,1079,"2023-24","F"
"228",228,"2016","Kemba Walker",17.4845337140292,15.3564974961273,2.12803621790191,14,25,"CHO","PG",0.427,568,1331,"2015-16","G"
"229",229,"2017","James Harden",18.3793076922364,16.2558798839519,2.12342780828446,54,27,"HOU","PG",0.44,674,1533,"2016-17","G"
"230",230,"2022","CJ McCollum",18.5022434443603,16.3856225918171,2.11662085254314,327,30,"2TM","PG",0.46,536,1164,"2021-22","G"
"231",231,"2018","Dennis Smith Jr.",16.0161883331874,13.901264885723,2.11492344746433,135,20,"DAL","PG",0.395,404,1024,"2017-18","G"
"232",232,"2017","John Wall",13.8323002368893,11.7202840935323,2.11201614335696,62,26,"WAS","PG",0.451,647,1435,"2016-17","G"
"233",233,"2019","Evan Fournier",17.9109584996641,15.8001933210329,2.11076517863122,192,26,"ORL","SG",0.438,468,1069,"2018-19","G"
"234",234,"2022","Brandon Ingram",16.814536368352,14.7057115088963,2.10882485945565,349,24,"NOP","SF",0.461,453,983,"2021-22","F"
"235",235,"2023","Jalen Brunson",15.1684398120129,13.0611966256601,2.10724318635273,375,26,"NYK","PG",0.491,587,1195,"2022-23","G"
"236",236,"2022","Nikola Vucevic",15.0717743962135,12.9652660019279,2.10650839428559,328,31,"CHI","C",0.473,546,1154,"2021-22","C"
"237",237,"2018","Andrew Wiggins",15.9126310881725,13.8271553225308,2.08547576564163,116,22,"MIN","SF",0.438,569,1300,"2017-18","F"
"238",238,"2023","Kristaps Porzingis",17.0074721384992,14.9321403532221,2.07533178527707,398,27,"WAS","C",0.498,507,1018,"2022-23","C"
"239",239,"2017","Nicolas Batum",19.3695180558574,17.2944293034209,2.07508875243651,93,28,"CHO","SG",0.403,393,975,"2016-17","G"
"240",240,"2018","Kyrie Irving",17.0166577971403,14.9643070616441,2.05235073549619,126,25,"BOS","PG",0.491,534,1087,"2017-18","G"
"241",241,"2024","Kyrie Irving",17.1728016304261,15.127463158305,2.04533847212109,435,31,"DAL","SG",0.497,562,1131,"2023-24","G"
"242",242,"2020","DeMar DeRozan",11.9934644924986,9.95473242764234,2.0387320648563,223,30,"SAS","SF",0.531,557,1049,"2019-20","F"
"243",243,"2018","Harrison Barnes",15.8694862640332,13.8346448068125,2.03484145722065,121,25,"DAL","PF",0.445,537,1208,"2017-18","F"
"244",244,"2019","Aaron Gordon",15.1903487886291,13.1566625550662,2.03368623356294,196,23,"ORL","PF",0.449,470,1046,"2018-19","F"
"245",245,"2023","Joel Embiid",13.2786563876488,11.2518554959185,2.02680089173032,363,28,"PHI","C",0.548,728,1328,"2022-23","C"
"246",246,"2024","Kawhi Leonard",16.1785329690736,14.1741341327971,2.00439883627651,432,32,"LAC","SF",0.525,610,1162,"2023-24","F"
"247",247,"2024","Anthony Davis",9.9221110179425,7.92256116892332,1.99954984901918,419,30,"LAL","C",0.556,713,1283,"2023-24","C"
"248",248,"2019","James Harden",18.6288753575071,16.6756945923222,1.95318076518496,151,29,"HOU","PG",0.442,843,1909,"2018-19","G"
"249",249,"2016","Thaddeus Young",8.89746603634323,6.94847035110457,1.94899568523866,48,27,"BRK","PF",0.514,495,963,"2015-16","F"
"250",250,"2020","Kawhi Leonard",16.8280410236094,14.8867435489285,1.9412974746809,216,28,"LAC","SF",0.47,532,1133,"2019-20","F"
"251",251,"2017","Dwyane Wade",14.219147638428,12.2783874250976,1.94076021333047,98,35,"CHI","SG",0.434,414,955,"2016-17","G"
"252",252,"2023","Dejounte Murray",16.6051919639267,14.6809528189453,1.92423914498136,364,26,"ATL","SG",0.464,612,1319,"2022-23","G"
"253",253,"2024","Devin Booker",17.3598807023173,15.4357801982018,1.9241005041155,417,27,"PHO","PG",0.492,642,1305,"2023-24","G"
"254",254,"2018","Bradley Beal",17.6648314184866,15.743080904917,1.92175051356961,104,24,"WAS","SG",0.46,683,1484,"2017-18","G"
"255",255,"2016","LaMarcus Aldridge",12.6007807741007,10.6863295489078,1.91445122519292,35,30,"SAS","PF",0.513,536,1045,"2015-16","F"
"256",256,"2025","Jaylen Brown",15.0970936989208,13.1836715324357,1.91342216648512,481,28,"BOS","SF",0.463,518,1118,"2024-25","F"
"257",257,"2025","Jamal Murray",17.6744278121579,15.7619558696687,1.91247194248924,480,27,"DEN","PG",0.474,531,1121,"2024-25","G"
"258",258,"2018","Donovan Mitchell",16.9253188611546,15.0167517053479,1.9085671558066,111,21,"UTA","SG",0.437,595,1362,"2017-18","G"
"259",259,"2022","Pascal Siakam",13.2421880710352,11.3496615363729,1.89252653466227,321,27,"TOR","PF",0.494,596,1207,"2021-22","F"
"260",260,"2024","Donovan Mitchell",18.8092669192566,16.9190238632981,1.89024305595857,439,27,"CLE","SG",0.462,503,1089,"2023-24","G"
"261",261,"2025","Desmond Bane",16.8851623612573,14.9985777795691,1.88658458168814,494,26,"MEM","SG",0.484,493,1018,"2024-25","G"
"262",262,"2024","Domantas Sabonis",8.1034063335218,6.21747287379707,1.88593345972473,443,27,"SAC","C",0.594,634,1068,"2023-24","C"
"263",263,"2022","Karl-Anthony Towns",13.5922411385608,11.7077259834331,1.8845151551276,319,26,"MIN","C",0.529,642,1214,"2021-22","C"
"264",264,"2020","Kristaps Porzingis",18.5750466401626,16.6931609242137,1.88188571594881,238,24,"DAL","C",0.427,398,932,"2019-20","C"
"265",265,"2019","Khris Middleton",17.993689390206,16.1121455167379,1.88154387346808,182,27,"MIL","SF",0.441,506,1148,"2018-19","F"
"266",266,"2016","Russell Westbrook",13.2877957484853,11.4093430280884,1.87845272039695,5,27,"OKC","PG",0.454,656,1444,"2015-16","G"
"267",267,"2016","C.J. McCollum",17.135275785867,15.260849256542,1.87442652932498,NA,NA,NA,NA,0.448,NA,NA,NA,"G"
"268",268,"2022","Ja Morant",12.2200808422285,10.3585160336252,1.86156480860329,324,22,"MEM","PG",0.493,580,1177,"2021-22","G"
"269",269,"2020","Terry Rozier",17.6205007754864,15.7693341899546,1.85116658553181,234,25,"CHO","PG",0.423,398,941,"2019-20","G"
"270",270,"2016","Anthony Davis",12.3842491854622,10.5662235610526,1.81802562440955,24,22,"NOP","C",0.493,560,1136,"2015-16","C"
"271",271,"2020","CJ McCollum",17.4973862305122,15.6878235852766,1.80956264523564,202,28,"POR","SG",0.451,611,1356,"2019-20","G"
"272",272,"2017","DeMarcus Cousins",13.4110040886537,11.6029946452611,1.80800944339256,63,26,"2TM","C",0.452,647,1432,"2016-17","C"
"273",273,"2025","Anthony Edwards",18.7686279983203,16.968456045722,1.8001719525983,452,23,"MIN","SG",0.447,721,1612,"2024-25","G"
"274",274,"2019","Kevin Durant",16.8824071317294,15.0855495356637,1.79685759606569,160,30,"GSW","SF",0.521,721,1383,"2018-19","F"
"275",275,"2016","Kevin Love",17.6449685504982,15.8485392126312,1.79642933786702,44,27,"CLE","PF",0.419,409,977,"2015-16","F"
"276",276,"2018","Jamal Murray",17.4923352257414,15.7080964182446,1.7842388074968,129,20,"DEN","PG",0.451,479,1062,"2017-18","G"
"277",277,"2017","Paul Millsap",14.2188466373085,12.4798592378916,1.73898739941692,95,31,"ATL","PF",0.442,430,972,"2016-17","F"
"278",278,"2025","Tyler Herro",18.7625040572598,17.0297626152199,1.7327414420399,457,25,"MIA","SG",0.472,651,1378,"2024-25","G"
"279",279,"2020","Bradley Beal",16.556398404622,14.8334149962235,1.72298340839858,205,26,"WAS","SG",0.455,593,1303,"2019-20","G"
"280",280,"2023","Darius Garland",16.9873289467558,15.2694015726819,1.71792737407389,382,23,"CLE","PG",0.462,522,1129,"2022-23","G"
"281",281,"2016","Paul Millsap",12.4265028184981,10.7087972265879,1.71770559191017,30,30,"ATL","PF",0.47,501,1066,"2015-16","F"
"282",282,"2017","Carmelo Anthony",18.2426244605572,16.5297284051658,1.71289605539138,66,32,"NYK","SF",0.433,602,1389,"2016-17","F"
"283",283,"2025","Stephen Curry",22.1644100022499,20.4696638329605,1.69474616928939,465,36,"GSW","PG",0.448,564,1258,"2024-25","G"
"284",284,"2020","Terrence Ross",22.0437250235207,20.3503951972273,1.69332982629342,249,28,"ORL","SG",0.403,341,846,"2019-20","G"
"285",285,"2018","Jimmy Butler",14.0826759186898,12.3970075839993,1.68566833469058,147,28,"MIN","SG",0.474,437,921,"2017-18","G"
"286",286,"2019","Donovan Mitchell",15.4479515575566,13.7667567971814,1.68119476037519,156,22,"UTA","SG",0.432,661,1530,"2018-19","G"
"287",287,"2025","Tyrese Haliburton",21.4930373493712,19.8201203843015,1.67291696506964,495,24,"IND","PG",0.473,476,1006,"2024-25","G"
"288",288,"2022","Cade Cunningham",15.9063437238563,14.2367732529809,1.66957047087535,341,20,"DET","SG",0.416,429,1031,"2021-22","G"
"289",289,"2018","Kevin Durant",17.6997972083644,16.0355447285487,1.66425247981579,119,29,"GSW","SF",0.516,630,1222,"2017-18","F"
"290",290,"2016","Carmelo Anthony",16.2501561719652,14.5930137336486,1.6571424383166,15,31,"NYK","SF",0.434,567,1307,"2015-16","F"
"291",291,"2021","Donovan Mitchell",18.074186651944,16.4196035644959,1.65458308744806,270,24,"UTA","PG",0.438,478,1091,"2020-21","G"
"292",292,"2020","Pascal Siakam",14.2574767840736,12.6118958820167,1.64558090205687,217,25,"TOR","PF",0.453,500,1104,"2019-20","F"
"293",293,"2019","LaMarcus Aldridge",11.5374586805429,9.9116298623871,1.62582881815576,165,33,"SAS","C",0.519,684,1319,"2018-19","C"
"294",294,"2022","RJ Barrett",14.1443802954477,12.5198104550248,1.62456984042286,322,21,"NYK","SF",0.408,487,1194,"2021-22","F"
"295",295,"2019","Paul George",18.4532452549191,16.830947224261,1.62229803065802,153,28,"OKC","SF",0.438,707,1614,"2018-19","F"
"296",296,"2018","Klay Thompson",20.0801535289243,18.4644282577507,1.61572527117359,122,27,"GSW","SG",0.488,575,1179,"2017-18","G"
"297",297,"2019","Bojan Bogdanovic",15.3839283302957,13.7806053672832,1.60332296301251,194,29,"IND","SF",0.497,522,1051,"2018-19","F"
"298",298,"2019","Buddy Hield",18.8083295194297,17.2064912002767,1.60183831915297,161,26,"SAC","SG",0.458,623,1360,"2018-19","G"
"299",299,"2023","Jalen Green",16.9543829444561,15.3765559699418,1.57782697451425,360,20,"HOU","SG",0.416,566,1359,"2022-23","G"
"300",300,"2018","Julius Randle",7.20943437034315,5.63816760451686,1.57126676582628,150,23,"LAL","C",0.558,504,904,"2017-18","C"
"301",301,"2023","Ja Morant",12.4859958546281,10.9156827737359,1.5703130808922,372,23,"MEM","PG",0.466,566,1214,"2022-23","G"
"302",302,"2016","Pau Gasol",13.19853769383,11.6460062116516,1.55253148217848,41,35,"CHI","C",0.469,467,995,"2015-16","C"
"303",303,"2023","Kyrie Irving",17.2381940816793,15.6924289699509,1.54576511172845,373,30,"2TM","SG",0.494,594,1203,"2022-23","G"
"304",304,"2017","Eric Bledsoe",15.2683744324819,13.7231674745968,1.54520695788514,83,27,"PHO","PG",0.434,449,1034,"2016-17","G"
"305",305,"2025","Karl-Anthony Towns",12.3863921744287,10.8418700550854,1.54452211934325,467,29,"NYK","C",0.526,639,1215,"2024-25","C"
"306",306,"2017","Paul George",18.4177305367564,16.879646072495,1.53808446426138,68,26,"IND","SF",0.461,622,1348,"2016-17","F"
"307",307,"2018","Joel Embiid",13.4366857505695,11.8987276252084,1.5379581253611,130,23,"PHI","C",0.483,510,1056,"2017-18","C"
"308",308,"2025","LeBron James",15.0063763636957,13.4738922891637,1.53248407453204,464,40,"LAL","SF",0.513,651,1270,"2024-25","F"
"309",309,"2024","Coby White",17.2845228226842,15.7574917118347,1.52703111084948,427,23,"CHI","PG",0.447,541,1209,"2023-24","G"
"310",310,"2022","Terry Rozier",17.9439344729413,16.4172635361904,1.52667093675095,326,27,"CHO","SG",0.444,518,1167,"2021-22","G"
"311",311,"2016","Monta Ellis",16.7321962506662,15.2122893548527,1.5199068958135,37,30,"IND","SG",0.427,436,1021,"2015-16","G"
"312",312,"2016","Andre Drummond",5.20940200411323,3.70931507875929,1.50008692535394,31,22,"DET","C",0.521,552,1060,"2015-16","C"
"313",313,"2022","Buddy Hield",21.5630267609429,20.0718313967111,1.49119536423185,334,29,"2TM","SG",0.406,446,1098,"2021-22","G"
"314",314,"2020","Brandon Ingram",15.6156618737098,14.1358310961693,1.47983077754054,219,22,"NOP","PF",0.463,507,1096,"2019-20","F"
"315",315,"2019","CJ McCollum",16.8079352632454,15.3388635653518,1.46907169789359,172,27,"POR","SG",0.459,571,1243,"2018-19","G"
"316",316,"2023","Josh Giddey",11.1713096531284,9.70269018780987,1.46861946531853,385,20,"OKC","PF",0.482,539,1118,"2022-23","F"
"317",317,"2024","Nikola Jokic",10.9788754357246,9.510776293096,1.46809914262862,411,28,"DEN","C",0.583,822,1411,"2023-24","C"
"318",318,"2019","DeMar DeRozan",12.2556006130135,10.7923995124776,1.46320110053591,167,29,"SAS","SG",0.481,631,1313,"2018-19","G"
"319",319,"2016","Kevin Durant",16.3775593212175,14.9146723017257,1.46288701949184,10,27,"OKC","SF",0.505,698,1381,"2015-16","F"
"320",320,"2021","DeMar DeRozan",12.7505605916322,11.2884871245597,1.46207346707246,287,31,"SAS","PF",0.495,455,920,"2020-21","F"
"321",321,"2023","Jrue Holiday",17.1619034501621,15.7084128992527,1.45349055090938,396,32,"MIL","PG",0.479,490,1023,"2022-23","G"
"322",322,"2021","Dillon Brooks",16.6527677072386,15.1994557859368,1.45331192130176,277,25,"MEM","SF",0.419,432,1031,"2020-21","F"
"323",323,"2020","T.J. Warren",13.5568106109708,12.1066276418551,1.45018296911575,NA,NA,NA,NA,0.536,NA,NA,NA,"F"
"324",324,"2016","Dirk Nowitzki",18.4898750907887,17.0420931578465,1.44778193294219,27,37,"DAL","PF",0.448,498,1112,"2015-16","F"
"325",325,"2022","Gary Trent Jr.",20.1644759904409,18.7206571521447,1.44381883829624,337,23,"TOR","SG",0.414,450,1086,"2021-22","G"
"326",326,"2023","DeMar DeRozan",15.3861455305719,13.9481153393997,1.43803019117224,366,33,"CHI","SF",0.504,657,1303,"2022-23","F"
"327",327,"2024","Kyle Kuzma",15.105889852691,13.668412329155,1.43747752353601,416,28,"WAS","PF",0.463,608,1313,"2023-24","F"
"328",328,"2016","John Wall",15.5602838898878,14.125065398273,1.43521849161478,12,25,"WAS","PG",0.424,572,1349,"2015-16","G"
"329",329,"2019","Tobias Harris",14.977340036312,13.5455515099504,1.4317885263616,170,26,"2TM","PF",0.487,611,1254,"2018-19","F"
"330",330,"2017","CJ McCollum",16.4682978989347,15.0410158373214,1.4272820616133,61,25,"POR","SG",0.48,692,1441,"2016-17","G"
"331",331,"2017","Lou Williams",16.7051084264388,15.2866246518591,1.41848377457967,89,30,"2TM","SG",0.429,428,998,"2016-17","G"
"332",332,"2021","Michael Porter Jr.",17.4018833561896,15.9840592023464,1.41782415384326,300,22,"DEN","SF",0.542,443,817,"2020-21","F"
"333",333,"2016","Nikola Vucevic",11.9953321685407,10.5808790934563,1.41445307508442,34,25,"ORL","C",0.51,533,1046,"2015-16","C"
"334",334,"2018","Eric Gordon",19.935063553453,18.5349537274786,1.40010982597441,141,29,"HOU","SG",0.428,415,970,"2017-18","G"
"335",335,"2023","Paul George",18.3813615497044,16.9935536522012,1.38780789750323,400,32,"LAC","SF",0.457,459,1004,"2022-23","F"
"336",336,"2025","Jalen Williams",14.9281531025683,13.5432474299096,1.38490567265873,473,23,"OKC","SG",0.484,565,1168,"2024-25","G"
"337",337,"2022","Nikola Jokic",11.6263073025543,10.2480752921854,1.37823201036889,308,26,"DEN","C",0.583,764,1311,"2021-22","C"
"338",338,"2023","Paolo Banchero",14.1502788208167,12.7792928224281,1.37098599838861,383,20,"ORL","PF",0.427,479,1122,"2022-23","F"
"339",339,"2017","Wilson Chandler",15.1362745848292,13.768681197817,1.36759338701223,99,29,"DEN","SF",0.461,433,939,"2016-17","F"
"340",340,"2023","Trae Young",16.604614297299,15.2436274129412,1.36098688435782,356,24,"ATL","PG",0.429,597,1390,"2022-23","G"
"341",341,"2018","Karl-Anthony Towns",12.3507970797811,10.997797491873,1.35299958790812,123,22,"MIN","C",0.545,639,1172,"2017-18","C"
"342",342,"2017","Giannis Antetokounmpo",9.89745557272326,8.54667057900622,1.35078499371704,73,22,"MIL","SF",0.521,656,1259,"2016-17","F"
"343",343,"2017","Nikola Vucevic",12.6894045267266,11.3426480896715,1.34675643705511,84,26,"ORL","C",0.468,483,1031,"2016-17","C"
"344",344,"2016","Kentavious Caldwell-Pope",16.6545246169821,15.3226534197413,1.33187119724073,49,22,"DET","SG",0.42,403,960,"2015-16","G"
"345",345,"2022","Tyrese Maxey",14.3302723422433,13.0016149905382,1.32865735170511,347,21,"PHI","PG",0.485,483,995,"2021-22","G"
"346",346,"2024","Kevin Durant",16.5710510857064,15.2496838030123,1.32136728269416,408,35,"PHO","PF",0.523,751,1436,"2023-24","F"
"347",347,"2024","Nikola Vucevic",13.6103986435267,12.2906662042802,1.31973243924648,425,33,"CHI","C",0.484,586,1211,"2023-24","C"
"348",348,"2019","Mike Conley",16.8323035074332,15.5140298289407,1.31827367849252,186,31,"MEM","PG",0.438,490,1120,"2018-19","G"
"349",349,"2023","Fred VanVleet",20.4242144595754,19.1061321969227,1.31808226265275,388,28,"TOR","PG",0.393,437,1112,"2022-23","G"
"350",350,"2018","LaMarcus Aldridge",11.6902530062227,10.377403308967,1.31284969725573,112,32,"SAS","C",0.51,687,1347,"2017-18","C"
"351",351,"2016","Ish Smith",12.5813494936447,11.2763808269266,1.30496866671814,47,27,"2TM","PG",0.411,397,967,"2015-16","G"
"352",352,"2021","Trae Young",17.1081816609293,15.8111915407217,1.29699012020754,264,22,"ATL","PG",0.438,487,1112,"2020-21","G"
"353",353,"2018","Ben Simmons",6.88397686163194,5.59228682682833,1.29169003480361,137,21,"PHI","PG",0.545,544,998,"2017-18","G"
"354",354,"2017","Klay Thompson",18.8246989952412,17.536861733746,1.28783726149524,67,26,"GSW","SG",0.468,644,1376,"2016-17","G"
"355",355,"2020","Spencer Dinwiddie",15.166011768024,13.8879738691085,1.27803789891552,225,26,"BRK","PG",0.415,424,1021,"2019-20","G"
"356",356,"2018","Russell Westbrook",13.0631281741217,11.7900004853245,1.27312768879723,101,29,"OKC","PG",0.449,757,1687,"2017-18","G"
"357",357,"2016","Klay Thompson",18.3438544851901,17.0761196070257,1.26773487816446,8,25,"GSW","SG",0.47,651,1386,"2015-16","G"
"358",358,"2018","Giannis Antetokounmpo",10.3785103102082,9.12053272682821,1.25797758337998,109,23,"MIL","PF",0.529,742,1402,"2017-18","F"
"359",359,"2019","Jordan Clarkson",16.2001014507577,14.9462113846946,1.25389006606304,179,26,"CLE","SG",0.448,529,1180,"2018-19","G"
"360",360,"2016","Brook Lopez",9.57661156179855,8.33673613347591,1.23987542832264,21,27,"BRK","C",0.511,591,1157,"2015-16","C"
"361",361,"2024","Brandon Ingram",15.5656152172145,14.3282380451218,1.23737717209271,450,26,"NOP","SF",0.492,500,1017,"2023-24","F"
"362",362,"2022","Tobias Harris",13.3046845490242,12.0741508943659,1.23053365465826,342,29,"PHI","PF",0.482,493,1022,"2021-22","F"
"363",363,"2019","Klay Thompson",18.9410680921714,17.7202658989446,1.22080219322684,159,28,"GSW","SG",0.467,655,1402,"2018-19","G"
"364",364,"2024","Mikal Bridges",17.5006952760817,16.2853911048573,1.21530417122439,418,27,"BRK","SF",0.436,564,1294,"2023-24","F"
"365",365,"2023","Jaylen Brown",15.4106015642861,14.1953459469311,1.21525561735505,358,26,"BOS","SF",0.491,679,1383,"2022-23","F"
"366",366,"2016","Karl-Anthony Towns",11.597643445632,10.3862831499377,1.21136029569432,22,20,"MIN","C",0.542,625,1153,"2015-16","C"
"367",367,"2025","Pascal Siakam",13.8704974978002,12.682702034463,1.1877954633372,471,30,"IND","PF",0.519,613,1182,"2024-25","F"
"368",368,"2019","Jamal Murray",16.6278109824492,15.4431172346098,1.18469374783938,180,21,"DEN","PG",0.437,513,1173,"2018-19","G"
"369",369,"2024","Cade Cunningham",14.8426039910562,13.6667711948351,1.17583279622102,431,22,"DET","PG",0.449,524,1167,"2023-24","G"
"370",370,"2017","Gordon Hayward",15.4954953842995,14.3281282469623,1.1673671373372,78,26,"UTA","SF",0.471,545,1156,"2016-17","F"
"371",371,"2016","Gordon Hayward",15.5388850959788,14.3719648427763,1.16692025320255,18,25,"UTA","SF",0.433,521,1202,"2015-16","F"
"372",372,"2021","Zion Williamson",4.44707625771062,3.28619263451164,1.16088362319898,276,20,"NOP","PF",0.611,634,1037,"2020-21","F"
"373",373,"2021","Joel Embiid",13.0923695628839,11.9364737700091,1.15589579287483,293,26,"PHI","C",0.513,461,899,"2020-21","C"
"374",374,"2021","Devin Booker",15.946351733591,14.7909385305624,1.15541320302865,259,24,"PHO","SG",0.484,623,1287,"2020-21","G"
"375",375,"2019","Stephen Curry",21.114523939222,19.9635064279597,1.15101751126225,164,30,"GSW","PG",0.472,632,1340,"2018-19","G"
"376",376,"2018","Khris Middleton",16.9304242118816,15.7821320201215,1.14829219176011,117,26,"MIL","SF",0.466,593,1272,"2017-18","F"
"377",377,"2024","Bam Adebayo",9.92591528962608,8.7797503417467,1.14616494787938,449,26,"MIA","C",0.521,530,1017,"2023-24","C"
"378",378,"2017","Kyrie Irving",15.0003557837133,13.8659199098093,1.13443587390398,65,24,"CLE","PG",0.473,671,1420,"2016-17","G"
"379",379,"2025","Devin Booker",17.5850217088607,16.4514410787079,1.13358063015277,456,28,"PHO","SG",0.461,654,1420,"2024-25","G"
"380",380,"2020","Dillon Brooks",17.0193331518739,15.8877597451628,1.1315734067111,222,24,"MEM","SG",0.407,435,1068,"2019-20","G"
"381",381,"2025","Cade Cunningham",13.8566440539491,12.7329280992928,1.12371595465626,454,23,"DET","PG",0.469,684,1457,"2024-25","G"
"382",382,"2018","Devin Booker",16.7868352210943,15.6797425613754,1.10709265971888,131,21,"PHO","SG",0.432,455,1054,"2017-18","G"
"383",383,"2018","Buddy Hield",18.3581850222148,17.2600813718656,1.09810365034923,145,25,"SAC","SG",0.446,416,933,"2017-18","G"
"384",384,"2022","Devin Booker",17.267041178999,16.2072666622178,1.05977451678119,304,25,"PHO","SG",0.466,662,1421,"2021-22","G"
"385",385,"2019","Harrison Barnes",16.4349126198495,15.375393967123,1.05951865272652,199,26,"2TM","PF",0.42,431,1027,"2018-19","F"
"386",386,"2019","Kemba Walker",17.0360511927513,15.9835354292651,1.05251576348614,152,28,"CHO","PG",0.434,731,1684,"2018-19","G"
"387",387,"2024","Paul George",18.9000630698617,17.8579335766138,1.0421294932479,424,33,"LAC","PF",0.471,582,1236,"2023-24","F"
"388",388,"2025","Shai Gilgeous-Alexander",14.1674842524202,13.1262629800233,1.04122127239694,451,26,"OKC","PG",0.519,860,1656,"2024-25","G"
"389",389,"2022","Jalen Brunson",14.254436506203,13.2142434347073,1.04019307149574,346,25,"DAL","SG",0.502,506,1008,"2021-22","G"
"390",390,"2022","Kevin Durant",16.3493063098192,15.3105079085132,1.03879840130603,331,33,"BRK","PF",0.518,578,1115,"2021-22","F"
"391",391,"2021","Nikola Jokic",11.2464645885929,10.2444872036399,1.00197738495306,258,25,"DEN","C",0.566,732,1293,"2020-21","C"
"392",392,"2022","Darius Garland",16.9971147598137,16.0127950109918,0.984319748821967,325,22,"CLE","PG",0.462,542,1173,"2021-22","G"
"393",393,"2016","Avery Bradley",18.1796839277749,17.2001333496767,0.979550578098298,38,25,"BOS","SG",0.447,456,1019,"2015-16","G"
"394",394,"2019","Trae Young",16.135094489367,15.1699405554018,0.965153933965265,168,20,"ATL","PG",0.418,525,1256,"2018-19","G"
"395",395,"2025","OG Anunoby",14.980167608596,14.038359487868,0.941808120727991,492,27,"NYK","PF",0.476,489,1027,"2024-25","F"
"396",396,"2019","Nikola Vucevic",11.8526575002491,10.9148586028151,0.937798897433977,162,28,"ORL","C",0.518,701,1354,"2018-19","C"
"397",397,"2025","Giannis Antetokounmpo",7.91734629791104,6.98465141804674,0.932694879864299,461,30,"MIL","PF",0.601,793,1319,"2024-25","F"
"398",398,"2024","Dejounte Murray",15.9655897174904,15.0337224409683,0.931867276522077,406,27,"ATL","SG",0.459,672,1463,"2023-24","G"
"399",399,"2020","Tobias Harris",14.2754066773352,13.360604425396,0.914802251939232,214,27,"PHI","PF",0.471,553,1173,"2019-20","F"
"400",400,"2019","Kyrie Irving",15.756101671429,14.853617089059,0.902484582370061,173,26,"BOS","PG",0.487,604,1241,"2018-19","G"
"401",401,"2019","JJ Redick",21.9425146389161,21.0518346506418,0.890679988274332,198,34,"PHI","SG",0.44,452,1027,"2018-19","G"
"402",402,"2023","Spencer Dinwiddie",16.9057816721451,16.0208709249121,0.884910747232929,391,29,"2TM","SG",0.438,460,1050,"2022-23","G"
"403",403,"2018","Josh Jackson",12.2494430249638,11.3938793366611,0.855563688302791,146,20,"PHO","SF",0.417,389,932,"2017-18","F"
"404",404,"2024","DeMar DeRozan",14.2468306756134,13.4040028789396,0.84282779667382,414,34,"CHI","SF",0.48,650,1355,"2023-24","F"
"405",405,"2019","Terrence Ross",21.6288739220269,20.787692297041,0.841181624985971,200,27,"ORL","SG",0.428,440,1027,"2018-19","G"
"406",406,"2017","Kemba Walker",15.9297277149803,15.1258646579588,0.803863057021516,59,26,"CHO","PG",0.444,643,1449,"2016-17","G"
"407",407,"2021","Pascal Siakam",12.4939487226851,11.6936786728105,0.800270049874596,281,26,"TOR","PF",0.455,437,961,"2020-21","F"
"408",408,"2018","Dwight Howard",5.74237362315179,4.94857213343268,0.793801489719105,148,32,"CHO","C",0.555,506,911,"2017-18","C"
"409",409,"2023","Nikola Jokic",9.37318028998555,8.58014862709218,0.793031662893368,397,27,"DEN","C",0.632,646,1022,"2022-23","C"
"410",410,"2025","Austin Reaves",18.4748802818288,17.6892685744176,0.785611707411238,491,26,"LAL","SG",0.46,477,1037,"2024-25","G"
"411",411,"2022","Saddiq Bey",18.461321528121,17.6862783973093,0.775043130811682,329,22,"DET","SF",0.396,450,1136,"2021-22","F"
"412",412,"2019","Devin Booker",15.4321726066908,14.6981708152783,0.734001791412537,169,22,"PHO","SG",0.467,586,1255,"2018-19","G"
"413",413,"2025","James Harden",18.6229906441663,17.8964757532465,0.726514890919766,463,35,"LAC","PG",0.41,531,1295,"2024-25","G"
"414",414,"2021","Kawhi Leonard",15.0271669345063,14.3023261106308,0.724840823875532,290,29,"LAC","SF",0.512,465,908,"2020-21","F"
"415",415,"2016","Jeff Teague",12.3865703275535,11.6762656079328,0.710304719620735,42,27,"ATL","PG",0.439,434,988,"2015-16","G"
"416",416,"2023","Bam Adebayo",8.28552506697405,7.57986402193913,0.705661045034919,386,25,"MIA","C",0.54,602,1114,"2022-23","C"
"417",417,"2025","Bam Adebayo",12.0855597075912,11.3816037734576,0.703955934133631,482,27,"MIA","C",0.485,540,1113,"2024-25","C"
"418",418,"2022","Fred VanVleet",20.8868214494869,20.1875253142976,0.699296135189336,335,27,"TOR","PG",0.403,442,1097,"2021-22","G"
"419",419,"2024","Zion Williamson",4.63910961830219,3.95612755413714,0.682982064165048,438,23,"NOP","PF",0.57,624,1094,"2023-24","F"
"420",420,"2022","Keldon Johnson",14.3238985082126,13.6448581677565,0.679040340456103,345,22,"SAS","SF",0.466,471,1011,"2021-22","F"
"421",421,"2017","Harrison Barnes",13.6934916739723,13.0262473028353,0.667244371136926,72,24,"DAL","PF",0.468,599,1280,"2016-17","F"
"422",422,"2024","Pascal Siakam",10.8621739673951,10.1973517109384,0.664822256456715,421,29,"2TM","PF",0.536,681,1271,"2023-24","F"
"423",423,"2017","Victor Oladipo",15.2135301084894,14.5521020337508,0.661428074738586,100,24,"OKC","SG",0.442,412,932,"2016-17","G"
"424",424,"2018","Blake Griffin",14.0086790807828,13.3493002626028,0.659378818180006,138,28,"2TM","PF",0.438,436,996,"2017-18","F"
"425",425,"2020","Lou Williams",15.5774652907337,14.925983426867,0.651481863866707,236,33,"LAC","PG",0.418,391,936,"2019-20","G"
"426",426,"2018","Tobias Harris",15.3877238140813,14.7452751702996,0.64244864378176,120,25,"2TM","PF",0.46,562,1221,"2017-18","F"
"427",427,"2022","Jordan Clarkson",17.853789470195,17.2130980707639,0.640691399431166,332,29,"UTA","SG",0.419,466,1113,"2021-22","G"
"428",428,"2021","Jrue Holiday",13.9264800505971,13.3239639107128,0.602516139884287,299,30,"MIL","PG",0.503,414,823,"2020-21","G"
"429",429,"2020","Khris Middleton",17.270799573911,16.704016723391,0.566782850519932,233,28,"MIL","SF",0.497,471,947,"2019-20","F"
"430",430,"2018","Kemba Walker",17.2692426589189,16.7064873695066,0.562755289412269,110,27,"CHO","PG",0.431,588,1363,"2017-18","G"
"431",431,"2018","Carmelo Anthony",18.3578572110203,17.8063272437539,0.551529967266383,124,33,"OKC","PF",0.404,472,1168,"2017-18","F"
"432",432,"2016","Rodney Hood",17.0239133062633,16.485767793727,0.53814551253625,45,23,"UTA","SG",0.42,408,972,"2015-16","G"
"433",433,"2021","Ja Morant",11.3457238770758,10.851908538834,0.493815338241781,282,21,"MEM","PG",0.449,430,957,"2020-21","G"
"434",434,"2016","Jimmy Butler",13.2986155498366,12.8197484248165,0.478867125020102,36,26,"CHI","SG",0.454,470,1035,"2015-16","G"
"435",435,"2019","Jayson Tatum",14.2891923835763,13.8151921213539,0.474000262222354,197,20,"BOS","SF",0.45,466,1036,"2018-19","F"
"436",436,"2019","Karl-Anthony Towns",12.188516980236,11.7159190495176,0.472597930718386,166,23,"MIN","C",0.518,681,1314,"2018-19","C"
"437",437,"2023","Shai Gilgeous-Alexander",10.4951267734791,10.0284844857405,0.466642287738612,359,24,"OKC","PG",0.51,704,1381,"2022-23","G"
"438",438,"2022","Dejounte Murray",13.3381648430106,12.8744780427719,0.463686800238662,313,25,"SAS","PG",0.462,573,1241,"2021-22","G"
"439",439,"2017","Jimmy Butler",13.3812812301436,12.9325949192388,0.448686310904787,74,27,"CHI","SF",0.455,570,1252,"2016-17","F"
"440",440,"2017","Zach Randolph",10.8069576495487,10.3794428166564,0.427514832892314,97,35,"MEM","PF",0.449,433,964,"2016-17","F"
"441",441,"2022","Shai Gilgeous-Alexander",12.9206350380506,12.4967059878406,0.42392905020996,339,23,"OKC","PG",0.453,477,1052,"2021-22","G"
"442",442,"2018","Taurean Prince",16.0814488110402,15.6837212032861,0.397727607754177,140,23,"ATL","SF",0.426,415,975,"2017-18","F"
"443",443,"2022","Russell Westbrook",11.3938434133924,11.0058056943971,0.38803771899526,314,33,"LAL","PG",0.444,548,1233,"2021-22","G"
"444",444,"2021","Dejounte Murray",13.2425384607919,12.8780723624895,0.364466098302346,280,24,"SAS","PG",0.453,441,974,"2020-21","G"
"445",445,"2019","Russell Westbrook",12.8207482601528,12.4665794489201,0.354168811232729,158,30,"OKC","PG",0.428,630,1473,"2018-19","G"
"446",446,"2024","CJ McCollum",18.2622068067983,17.9358801948629,0.32632661193545,445,32,"NOP","PG",0.459,484,1055,"2023-24","G"
"447",447,"2025","De'Aaron Fox",14.9187892815411,14.595346433854,0.323442847687122,474,27,"2TM","PG",0.463,539,1163,"2024-25","G"
"448",448,"2017","Devin Booker",15.3833501861379,15.0630898385587,0.320260347579152,64,20,"PHO","SG",0.423,606,1431,"2016-17","G"
"449",449,"2018","Dennis Schroder",13.4197084148604,13.1151255359651,0.304582878895303,125,24,"ATL","PG",0.436,500,1146,"2017-18","G"
"450",450,"2020","Tim Hardaway Jr.",19.1390719980701,18.8435559767204,0.295516021349655,245,27,"DAL","SG",0.434,384,884,"2019-20","G"
"451",451,"2025","Nikola Vucevic",12.9958157194366,12.7066389800957,0.289176739340895,490,34,"CHI","C",0.53,550,1038,"2024-25","C"
"452",452,"2022","DeMar DeRozan",13.5506411492996,13.2749809288708,0.275660220428819,303,32,"CHI","PF",0.504,774,1535,"2021-22","F"
"453",453,"2021","Khris Middleton",16.1765802217948,15.9013854351776,0.275194786617199,273,29,"MIL","SF",0.476,511,1074,"2020-21","F"
"454",454,"2017","Hassan Whiteside",5.80785348550881,5.5331706532985,0.274682832210308,94,27,"MIA","C",0.557,542,973,"2016-17","C"
"455",455,"2017","Blake Griffin",11.108124179402,10.9028476504774,0.205276528924548,96,27,"LAC","PF",0.493,479,971,"2016-17","F"
"456",456,"2024","Victor Wembanyama",13.5898500920104,13.3967991655689,0.193050926441529,429,20,"SAS","C",0.465,551,1186,"2023-24","C"
"457",457,"2021","Fred VanVleet",18.8136987753143,18.621363406119,0.192335369195263,297,26,"TOR","SG",0.389,338,870,"2020-21","G"
"458",458,"2016","Paul George",17.0264312847384,16.8404746418546,0.185956642883845,4,25,"IND","SF",0.418,605,1449,"2015-16","F"
"459",459,"2023","Buddy Hield",19.7981716182151,19.6205447763494,0.177626841865717,394,30,"IND","SF",0.458,475,1038,"2022-23","F"
"460",460,"2019","Nikola Jokic",10.7226351101927,10.5897057488551,0.13292936133759,175,23,"DEN","C",0.511,616,1206,"2018-19","C"
"461",461,"2020","Dennis Schroder",15.0119872522463,14.8992205191539,0.112766733092366,231,26,"OKC","PG",0.469,453,965,"2019-20","G"
"462",462,"2022","De'Aaron Fox",12.681156997161,12.5750957076481,0.106061289512819,336,24,"SAC","PG",0.473,516,1092,"2021-22","G"
"463",463,"2024","Shai Gilgeous-Alexander",11.803873104414,11.7059383205041,0.0979347839098406,405,25,"OKC","PG",0.535,796,1487,"2023-24","G"
"464",464,"2021","Bojan Bogdanovic",15.7544401184332,15.668221139505,0.0862189789282102,285,31,"UTA","SF",0.439,406,925,"2020-21","F"
"465",465,"2016","Andrew Wiggins",11.7064382407376,11.6461564107412,0.0602818299963328,16,20,"MIN","SF",0.459,594,1294,"2015-16","F"
"466",466,"2018","Jusuf Nurkic",6.61929763302687,6.60345945081886,0.0158381822080162,143,23,"POR","C",0.505,480,951,"2017-18","C"
"467",467,"2021","Jerami Grant",14.9827965149257,14.9796509733276,0.003145541598089,284,26,"DET","SF",0.429,400,932,"2020-21","F"
"468",468,"2018","CJ McCollum",15.0695409776571,15.1238589010751,-0.0543179234180116,103,26,"POR","SG",0.443,667,1505,"2017-18","G"
"469",469,"2021","Nikola Vucevic",14.719870896226,14.8001160511881,-0.0802451549620553,251,30,"2TM","C",0.477,666,1396,"2020-21","C"
"470",470,"2023","Scottie Barnes",11.1960616861305,11.3167780182532,-0.120716332122695,399,21,"TOR","SF",0.456,463,1016,"2022-23","F"
"471",471,"2023","Mikal Bridges",14.2194786078506,14.3447333755188,-0.125254767668185,369,26,"2TM","SG",0.468,593,1267,"2022-23","G"
"472",472,"2023","De'Aaron Fox",13.7280591207869,13.8780998171933,-0.150040696406341,362,25,"SAC","PG",0.512,682,1331,"2022-23","G"
"473",473,"2023","Keldon Johnson",12.5620400225002,12.7148521046753,-0.152812082175126,387,23,"SAS","SF",0.452,503,1113,"2022-23","F"
"474",474,"2021","Karl-Anthony Towns",12.9821462488799,13.1410419126957,-0.158895663815789,296,25,"MIN","C",0.486,425,875,"2020-21","C"
"475",475,"2017","Jordan Clarkson",13.3393050761876,13.5153209923602,-0.176015916172563,80,24,"LAL","SG",0.445,477,1071,"2016-17","G"
"476",476,"2025","Coby White",17.0549828178934,17.242329091757,-0.187346273863589,479,24,"CHI","SG",0.453,508,1121,"2024-25","G"
"477",477,"2017","Serge Ibaka",15.0760035519231,15.2890868369243,-0.21308328500122,91,27,"2TM","PF",0.48,471,982,"2016-17","F"
"478",478,"2023","RJ Barrett",11.4745928538243,11.7262909899119,-0.251698136087649,377,22,"NYK","SG",0.434,510,1176,"2022-23","G"
"479",479,"2022","Desmond Bane",16.7517019295158,17.0986370905277,-0.346935161011967,333,23,"MEM","SG",0.461,508,1101,"2021-22","G"
"480",480,"2019","De'Aaron Fox",11.4221276529237,11.7773275187246,-0.355199865800875,188,21,"SAC","PG",0.458,505,1102,"2018-19","G"
"481",481,"2021","Buddy Hield",21.1429407763181,21.5198498569001,-0.376909080582067,278,28,"SAC","SG",0.406,403,992,"2020-21","G"
"482",482,"2021","RJ Barrett",11.3773996845396,11.7644379295497,-0.387038245010098,274,20,"NYK","SG",0.441,467,1060,"2020-21","G"
"483",483,"2023","Devin Booker",14.3612703616734,14.7898349836549,-0.428564621981559,390,26,"PHO","SG",0.494,527,1067,"2022-23","G"
"484",484,"2017","LaMarcus Aldridge",11.5280528716145,11.9870521594579,-0.458999287843382,82,31,"SAS","PF",0.477,500,1049,"2016-17","F"
"485",485,"2025","Jaren Jackson Jr.",12.8077230472648,13.2671191966846,-0.459396149419742,468,25,"MEM","C",0.488,592,1213,"2024-25","C"
"486",486,"2016","Rudy Gay",11.1808546952898,11.7103426990054,-0.52948800371559,40,29,"SAC","SF",0.463,466,1007,"2015-16","F"
"487",487,"2016","Khris Middleton",15.4390137419423,15.9993877809984,-0.560374039056043,23,24,"MIL","SG",0.444,507,1142,"2015-16","G"
"488",488,"2019","Dennis Schroder",13.7034566280019,14.3232684864399,-0.619811858437943,187,25,"OKC","PG",0.414,457,1104,"2018-19","G"
"489",489,"2020","Russell Westbrook",9.86747152506257,10.4913043737381,-0.623832848675566,208,31,"HOU","PG",0.472,604,1281,"2019-20","G"
"490",490,"2022","Reggie Jackson",15.8671846667696,16.5823850501823,-0.715200383412631,316,31,"LAC","SG",0.392,479,1222,"2021-22","G"
"491",491,"2021","Kyrie Irving",14.01521238078,14.736535027366,-0.721322646586,271,28,"BRK","PG",0.506,549,1086,"2020-21","G"
"492",492,"2016","Al Horford",12.5052955835938,13.3365495987891,-0.831254015195265,32,29,"ATL","C",0.505,529,1048,"2015-16","C"
"493",493,"2017","Karl-Anthony Towns",9.04765675103687,9.88832238810376,-0.840665637066886,57,21,"MIN","C",0.542,802,1480,"2016-17","C"
"494",494,"2020","Ja Morant",8.53831452863038,9.46125827167879,-0.922943743048409,235,20,"MEM","PG",0.477,447,937,"2019-20","G"
"495",495,"2024","Devin Vassell",15.8402107992946,16.785323596726,-0.94511279743134,444,23,"SAS","SG",0.472,498,1056,"2023-24","G"
"496",496,"2020","Devonte' Graham",18.9955796008786,19.9576659521636,-0.962086351285009,232,24,"CHO","PG",0.382,368,963,"2019-20","G"
"497",497,"2024","Stephen Curry",18.9400289815227,20.2478680446327,-1.30783906311007,407,35,"GSW","PG",0.45,650,1445,"2023-24","G"
"498",498,"2016","Victor Oladipo",12.9081055074096,14.2845559094566,-1.37645040204706,46,23,"ORL","SG",0.438,425,970,"2015-16","G"
"499",499,"2020","Shai Gilgeous-Alexander",10.1434482438074,11.750172255645,-1.60672401183767,226,21,"OKC","SG",0.471,478,1015,"2019-20","G"
"500",500,"2018","Kyle Lowry",17.3814186173286,19.5341467467027,-2.15272812937406,144,31,"TOR","PG",0.427,403,944,"2017-18","G"
