"","game_id","player","obs_beta","null_mean","null_sd","p_value"
"1",400827911,"Avery Bradley",NA,-15.1819062893985,8.29538002555135,NA
"2",400827911,"DeMar DeRozan",NA,-11.6687612389079,18.016793171653,NA
"3",400827911,"Isaiah Thomas",NA,-6.35034689190791,16.3966334391183,NA
"4",400827911,"Kyle Lowry",NA,-14.1206712096186,8.80820157534867,NA
"5",400827977,"Kawhi Leonard",-5.1329054933928e-16,-4.78095215213336,18.4294073816864,0.38871473354232
"6",400827977,"Kemba Walker",18.4674562318141,-1.88643521913426,20.5884541706051,0.104104104104104
"7",400827977,"LaMarcus Aldridge",-18.8537505823152,-8.51808401452074,11.550740592676,0.655692729766804
"8",400828288,"Chris Paul",NA,-10.5876447701988,12.332033129101,NA
"9",400828288,"James Harden",NA,-2.43878806475399,11.0597302705602,NA
"10",400828499,"Dirk Nowitzki",NA,NA,NA,NA
"11",400828499,"Kawhi Leonard",-39.1321370296388,-15.268110526899,17.2577067193543,0.926121372031662
"12",400828499,"LaMarcus Aldridge",-1.92601407050837e-08,-5.95269682168434,9.60253857048321,0.565874730021598
"13",400828507,"Al Horford",-2.1136663024625e-09,-7.37225262022105,19.9862042514303,0.422028353326063
"14",400828507,"Jeff Teague",NA,-7.64770465849206,13.0494883913647,NA
"15",400828507,"Nikola Vucevic",-17.5660684863597,-13.4539486756132,12.3869683701041,0.857868020304569
"16",400828507,"Paul Millsap",NA,-14.8268582884306,22.6200605823961,NA
"17",400828813,"Andrew Wiggins",17.8729213269891,-2.5130315058073,21.4912539277754,0.3420523138833
"18",400828813,"Karl-Anthony Towns",17.6497777815603,0.475470698052257,13.2381100693009,0.173
"19",400828813,"Zach LaVine",-4.85646005598622e-09,-1.8942971616073,11.6646797929997,0.526579739217653
"20",400899512,"Harrison Barnes",-22.3578279909197,-3.93162659335946,11.8431109732417,0.997967479674797
"21",400899670,"Blake Griffin",-18.5660685098645,-15.1430839819,10.4747203941859,0.938095238095238
"22",400899670,"Harrison Barnes",NA,-2.83943241138215,16.0860759256736,NA
"23",400899742,"Marcus Morris",0.693147180559945,-8.89903723883555,14.0122584070982,0.18125
"24",400899742,"Nikola Vucevic",0.405465108108164,-8.65343887838221,19.7963449501305,0.297846889952153
"25",400899742,"Serge Ibaka",-49.1321382848743,-4.19255574223403,16.3872411258891,0.997
"26",400899742,"Tobias Harris",NA,-8.78828155054043,16.8811901140785,NA
"27",400900019,"CJ McCollum",18.1606033995036,-4.55810872896608,15.7721658691009,0.0901234567901235
"28",400900019,"Damian Lillard",16.872921305819,-4.86933099118743,14.760952077136,0.213768115942029
"29",400900019,"Nikola Vucevic",16.4674561994007,-0.74160008112721,19.7805413737657,0.31
"30",400900019,"Serge Ibaka",-18.9715336179719,-11.288509029802,18.8035720230479,0.6
"31",400900284,"CJ McCollum",NA,-11.0573324474383,11.8995406588384,NA
"32",400900284,"Damian Lillard",-0.405465108108164,-6.95690838668398,14.5180258373951,0.328162291169451
"33",400900284,"DeMar DeRozan",-19.6646807985324,-1.91413062268101,15.5472800173461,0.830699774266366
"34",400900284,"Serge Ibaka",-1.09861228866811,-9.0692318895037,13.4290648645454,0.395465994962217
"35",400900555,"Dennis Schroder",NA,-12.4950229951692,16.9557662811655,NA
"36",400900555,"Isaiah Thomas",NA,-8.39233348213176,13.2295091398507,NA
"37",400900555,"Paul Millsap",-0.287682072451781,-8.19990132307232,19.9965353762402,0.333769633507853
"38",400974443,"Giannis Antetokounmpo",-3.25809653802148,3.23962491396104,10.4332422336997,0.935
"39",400974443,"Khris Middleton",NA,-11.7027568435498,18.0116405024992,NA
"40",400974443,"LeBron James",18.2592156693222,-0.423644007408651,14.9564924695109,0.0704663212435233
"41",400974769,"DeMar DeRozan",NA,NA,NA,NA
"42",400974769,"Kyle Lowry",NA,-15.2715799081797,21.3769041653381,NA
"43",400974904,"DeMar DeRozan",-18.0064527219253,-8.94524775545473,17.5360379462075,0.481575603557814
"44",400974904,"Kyle Lowry",18.5660685107105,-4.83136211263598,15.542493163101,0.0368271954674221
"45",400975118,"Dwight Howard",NA,-7.59208809208837,11.3670802666724,NA
"46",400975118,"Kemba Walker",NA,-13.3482301105444,9.63842623640632,NA
"47",400975152,"Andrew Wiggins",-14.9566305100307,-11.7270834329219,12.7131273968971,0.134259259259259
"48",400975152,"Ben Simmons",NA,-10.4438295111671,10.0213305828087,NA
"49",400975152,"Jimmy Butler",-17.0552428625938,-1.73932779194325,17.2719891618894,0.840909090909091
"50",400975152,"Joel Embiid",-18.4823592182308,-7.06140463701471,14.9738927193867,0.747599451303155
"51",400975152,"Karl-Anthony Towns",NA,-8.29273761329258,14.6683016837661,NA
"52",400975306,"DeMar DeRozan",-15.8729212419084,-4.19622064683049,15.8151780193501,0.587428571428571
"53",400975306,"Kyle Lowry",NA,-13.4391764928834,10.5451384173622,NA
"54",400975354,"CJ McCollum",NA,-6.44655153649521,12.7113986435372,NA
"55",400975354,"Damian Lillard",16.6201583631897,-1.77355937711642,20.4055225218159,0.306577480490524
"56",400975354,"Eric Gordon",-17.5660684863565,-6.52827540779761,14.293226436627,0.522491349480969
"57",400975354,"Jusuf Nurkic",NA,-14.2614922531397,8.92911896273379,NA
"58",400975386,"Bradley Beal",-16.9566305974407,-9.90862097883637,18.3778551923609,0.763157894736842
"59",400975386,"Eric Bledsoe",-17.5660684863588,-10.1077842222252,15.7002926214449,0.453964194373402
"60",400975386,"Giannis Antetokounmpo",1.55768586105489e-12,-7.16243702201874,13.0697036365561,0.360683760683761
"61",400975386,"Khris Middleton",-17.8537505588102,-5.59099086481869,15.3424123485705,0.491467576791809
"62",400975489,"Gary Harris",NA,-12.1048276617638,12.4642839990731,NA
"63",400975489,"Jamal Murray",NA,-11.483552441975,18.0361729285667,NA
"64",400975489,"Kyrie Irving",17.62015836203,3.33312558633141,20.055774519498,0.357575757575758
"65",400975489,"Nikola Jokic",-17.2783864139059,-12.4718760192218,13.8680416053426,0.324483775811209
"66",400975489,"Will Barton",NA,-7.26981074154851,13.8452032265386,NA
"67",400975692,"Anthony Davis",NA,-4.09735208870184,16.2591218792029,NA
"68",400975692,"Dennis Smith Jr.",NA,-5.88162909493641,14.1735499927655,NA
"69",400975692,"Harrison Barnes",-17.56606848636,-13.1623784363146,12.4218410269856,0.705382436260623
"70",400975692,"Jrue Holiday",15.7743090145487,2.13388793856824,20.474380209032,0.596562184024267
"71",400975750,"CJ McCollum",NA,-12.6537415257053,17.393065802361,NA
"72",400975750,"Damian Lillard",NA,-9.37853273291612,13.0932291656473,NA
"73",400975750,"Goran Dragic",-2.1236071235998e-14,-2.97889972725355,15.9093945707763,0.388888888888889
"74",400975750,"Jusuf Nurkic",-19.9523628709846,-0.184413278771511,8.65961182198721,0.972782258064516
"75",400975788,"Andrew Wiggins",NA,-7.23129095606732,13.9890905348803,NA
"76",400975788,"Karl-Anthony Towns",19.5660685112012,-5.39007268632445,14.3804083342126,0.114754098360656
"77",400975788,"LaMarcus Aldridge",0.405465108108164,2.22767741992347,13.1405172259381,0.364729458917836
"78",400975867,"Donovan Mitchell",-16.620158360817,-10.8838930763238,12.1656072903906,0.573200992555831
"79",400975880,"Andrew Wiggins",NA,-12.8292050468256,9.98358744879729,NA
"80",400975880,"Dennis Smith Jr.",NA,-1.96240865040058,15.9475159265558,NA
"81",400975880,"Harrison Barnes",-17.5660684863575,-9.96509177527428,14.8673736217259,0.805513016845329
"82",400975880,"Karl-Anthony Towns",NA,-10.0908646394455,12.6176656900844,NA
"83",401070732,"Buddy Hield",NA,NA,NA,NA
"84",401070732,"De'Aaron Fox",NA,NA,NA,NA
"85",401070732,"Jamal Murray",7.62666615582904e-09,-10.8925062550112,16.7401231008673,0.177931034482759
"86",401070732,"Nikola Jokic",-21.1755064309429,-3.52419660896744,20.3850090348841,0.6921875
"87",401070805,"Andrew Wiggins",0.28768207245178,-8.77223517858128,13.6471937293572,0.243739565943239
"88",401070805,"Karl-Anthony Towns",-18.16060340176,-15.9198513765015,15.3411229765641,0.837060702875399
"89",401070805,"Kevin Durant",15.4674561334308,-3.78357661157767,20.2739175722589,0.401859504132231
"90",401070805,"Klay Thompson",-18.2592156668966,-7.95461839500886,13.6117286032262,0.644526445264453
"91",401070805,"Stephen Curry",NA,-6.62167387493058,15.1162277850056,NA
"92",401070952,"Bradley Beal",-17.5660684863601,-11.0656278037385,13.4722936268915,0.58273381294964
"93",401070952,"Kawhi Leonard",NA,-3.90573249578139,19.085646580342,NA
"94",401070997,"Kawhi Leonard",18.9715336195663,-4.14479665402917,14.8267191393619,0.0252525252525253
"95",401070997,"Kevin Durant",17.5660684876383,1.10285220393425,14.0409535883598,0.0541624874623872
"96",401070997,"Klay Thompson",37.1321370314194,-9.59104141799841,18.7396077746938,0.0224403927068724
"97",401071061,"Jamal Murray",NA,NA,NA,NA
"98",401071061,"Nikola Jokic",18.3429249609132,-4.97499353825,14.734125741762,0.0971223021582734
"99",401071061,"Trae Young",NA,-12.3405531182088,15.2751412729871,NA
"100",401071154,"Giannis Antetokounmpo",-0.223143551312502,-2.31845984238899,15.5861922581281,0.365236523652365
"101",401071154,"Jayson Tatum",NA,-10.7142071579947,10.3540725169145,NA
"102",401071154,"Khris Middleton",-16.342924871604,-9.22715240843048,13.3037078268767,0.77037037037037
"103",401071154,"Kyrie Irving",-16.8729213058036,-9.84060136781414,13.5038626807178,0.952038369304556
"104",401071192,"CJ McCollum",-15.3133054539729,-11.2260888022525,13.7455071630148,0.519662921348315
"105",401071192,"Damian Lillard",NA,-11.2607949392912,12.7018982883858,NA
"106",401071192,"Kevin Durant",NA,-5.94409547659432,17.308619491088,NA
"107",401071192,"Klay Thompson",NA,-11.7412876748265,15.6730448335651,NA
"108",401071192,"Stephen Curry",-17.0552428626124,-8.74887737057677,12.0790346273579,0.539456662354463
"109",401071241,"James Harden",NA,-7.0477996745611,14.8038352154528,NA
"110",401071241,"Kevin Durant",NA,-6.70841792681679,17.3900633465698,NA
"111",401071241,"Klay Thompson",16.4674561983938,-4.58252480795883,19.5741301470251,0.257655755015839
"112",401071241,"Stephen Curry",14.7743089558393,-0.0982443015700979,17.5413902317588,0.403508771929825
"113",401071630,"Buddy Hield",NA,-4.83497590017529,14.4646912912825,NA
"114",401071630,"De'Aaron Fox",NA,-7.2085156725512,18.519066447334,NA
"115",401071630,"Harrison Barnes",NA,-5.94841544558349,16.5497377348674,NA
"116",401071724,"Bradley Beal",NA,-10.9150320178734,11.5770096389035,NA
"117",401071724,"Donovan Mitchell",18.5660685075975,-5.82734433618785,15.8650638176388,0.0507131537242472
"118",401071779,"D'Angelo Russell",-18.4674562298406,-6.87820853912008,9.48850179624203,0.952481520591341
"119",401071779,"Damian Lillard",-15.5544675107861,-10.9181534001611,11.3199268061046,0.222846441947566
"120",401071852,"Kevin Durant",-20.5660685389486,-17.9519842604736,26.1476216100058,0.535616438356164
"121",401071852,"Klay Thompson",NA,-12.7062092487324,9.2438894740342,NA
"122",401071852,"Stephen Curry",NA,-17.4545570416799,1.16304151269937,NA
"123",401160950,"Devin Booker",-4.8852401797598e-12,-3.04649972448303,15.4154291254901,0.572192513368984
"124",401160950,"Evan Fournier",20.2592156917332,-8.01486990470748,20.3968218227957,0.00647948164146868
"125",401160950,"Kelly Oubre Jr.",NA,-19.4715228096126,15.6703084058961,NA
"126",401160950,"Terrence Ross",-18.2592156669213,-11.3259508114464,17.0057123854913,0.859070464767616
"127",401161199,"Evan Fournier",-20.2592156990688,-5.25189200979878,14.2145424203838,0.68082788671024
"128",401161199,"Nikola Vucevic",-18.9523628474792,-0.0751150276998589,14.9507739882803,0.856415478615071
"129",401161199,"Terrence Ross",NA,-19.4329565429226,8.34514612044964,NA
"130",401161553,"Brandon Ingram",18.278386439762,-5.28566510781294,16.7493779848197,0.0861865407319953
"131",401161553,"D'Angelo Russell",NA,-10.687109760637,13.5000455999927,NA
"132",401161553,"Jrue Holiday",-18.1606034017563,1.83795337667304,20.0066428542514,0.688679245283019
"133",401267240,"Domantas Sabonis",NA,-14.7651272665982,9.06881631435523,NA
"134",401267240,"Julius Randle",-18.25921566692,-11.7539710795728,12.4882916785402,0.925925925925926
"135",401267240,"Malcolm Brogdon",0.693147180559743,-2.5463552751727,17.0490852030612,0.339679358717435
"136",401267240,"RJ Barrett",-39.1321370322764,-4.5881739238286,19.9760436338836,0.962091503267974
"137",401267282,"Anthony Edwards",-35.1321369731504,-8.19100050981177,15.1402067401836,1
"138",401267282,"CJ McCollum",NA,-11.1549854832135,12.2287829726602,NA
"139",401267282,"Damian Lillard",-2.19722457733028,0.409831201012355,15.3468976282699,0.70896273917422
"140",401267452,"Buddy Hield",-0.693147180559948,-6.40557506581112,18.3368146198574,0.449367088607595
"141",401267452,"De'Aaron Fox",-18.9715336179752,-3.9896580464025,16.9133160534506,0.735961768219833
"142",401267452,"Fred VanVleet",NA,-11.4298403440884,13.9831613493572,NA
"143",401267452,"Pascal Siakam",17.9782818434366,-2.25767747589335,14.1304680868526,0.168085106382979
"144",401267559,"Brandon Ingram",19.0768941359344,-7.82550906993928,12.4352365383884,0.044811320754717
"145",401267559,"Luka Doncic",16.5660684210907,-1.82816092876814,13.4419951800709,0.215291750503018
"146",401267559,"Tim Hardaway Jr.",NA,-22.9324067613585,7.36397124952338,NA
"147",401267559,"Zion Williamson",-1.86050967741067e-09,-4.14043378181553e-07,8.70753946792517e-07,0.405
"148",401267611,"Jaylen Brown",-19.2592156904262,-6.79103308452028,19.5400259964994,0.810858143607706
"149",401267611,"Jayson Tatum",17.5660684860186,-6.85540144827044,14.1042302420395,0.150431565967941
"150",401267611,"Trae Young",-41.1321370607851,-5.3515103985437,13.2202332971243,0.996913580246914
"151",401307404,"Bradley Beal",18.1797741501718,1.31039375783855,19.7496839477037,0.140386571719227
"152",401307404,"Buddy Hield",-19.0552428947492,-11.7575590371873,10.0302190776714,0.950413223140496
"153",401307404,"De'Aaron Fox",NA,-8.52560952444284,14.1770231480857,NA
"154",401307404,"Russell Westbrook",NA,-4.40574934513157,15.1335188569001,NA
"155",401307569,"Bradley Beal",NA,-2.59021922378821,15.5621004471656,NA
"156",401307569,"Russell Westbrook",-20.6646808071722,-5.03816311458243,18.9343409453903,0.65025641025641
"157",401307752,"Joel Embiid",NA,-13.0475436273295,16.1812498673904,NA
"158",401307752,"Tobias Harris",-17.9715335944684,-11.0694761467818,16.4680118120434,0.538681948424069
"159",401307752,"Trae Young",-17.2592156030262,-7.72836876231428,19.9333180024074,0.608996539792388
"160",401307860,"Joel Embiid",NA,6.32765200367097e-15,4.05052867939872e-14,NA
"161",401307860,"Tobias Harris",-19.6646807985305,-2.05103133927723,14.6896372653115,0.845814977973568
"162",401360095,"DeMar DeRozan",-18.5660685098678,-9.73898779355929,12.0473747926456,0.95
"163",401360095,"Nikola Vucevic",-35.132136971764,-11.9374038405963,16.6847265542415,0.934659090909091
"164",401360095,"Zach LaVine",-16.5660684224663,-3.55567783417506,15.3606598163448,0.692913385826772
"165",401360196,"James Harden",NA,-16.221511212385,2.78634851288704,NA
"166",401360224,"Jalen Brunson",0.693147180559743,-9.23042251476715,15.6674335856466,0.213186813186813
"167",401360224,"Shai Gilgeous-Alexander",NA,-13.5707565214988,14.6207977556623,NA
"168",401360306,"LaMelo Ball",NA,-12.8372464787189,12.4418942777936,NA
"169",401360306,"Miles Bridges",NA,-7.1529600890401,15.4399908041898,NA
"170",401360306,"Nikola Jokic",-17.6714290020132,-7.22225487207657,13.5092058803021,0.894393741851369
"171",401360306,"Terry Rozier",NA,-8.77618103552995,15.8375508707778,NA
"172",401360694,"Cade Cunningham",NA,-12.3718255256553,9.84916016845697,NA
"173",401360694,"Jaylen Brown",-17.9715335944682,2.04148820732407,16.0838664537792,0.808532778355879
"174",401360694,"Jayson Tatum",NA,-11.1093436234574,11.5735951922894,NA
"175",401360694,"Saddiq Bey",NA,-9.06477674715008,14.0607814373638,NA
"176",401360843,"Anthony Edwards",NA,NA,NA,NA
"177",401360843,"Dejounte Murray",-17.4133662828539,-3.89114980146664,15.1984477352863,0.783687943262411
"178",401360843,"Karl-Anthony Towns",-0.810930216216329,0.107167009968461,9.45548088597742,0.713
"179",401360843,"Keldon Johnson",0.980829253011524,0.0169725198320748,13.9978068035879,0.319838056680162
"180",401360953,"Jalen Brunson",NA,-13.8800945010704,8.74301880248598,NA
"181",401360953,"Luka Doncic",-16.0064526345278,-1.27094873313939,15.6791887411975,0.595111583421892
"182",401360953,"Russell Westbrook",15.9566305743764,-4.1352162201521,20.6812569376879,0.332938388625592
"183",401360979,"Brandon Ingram",7.43656485178229e-13,-2.03332268436532,7.20160154376587,0.412951167728238
"184",401360979,"CJ McCollum",-17.8537505588165,-7.26800119222964,19.9451717437439,0.816042780748663
"185",401360979,"LeBron James",-17.2783864139073,-2.1054674034859,14.8975206071497,0.699286442405708
"186",401360979,"Russell Westbrook",-19.2592156904243,-9.32327431028783,12.1769726622078,0.87012987012987
"187",401468249,"Devin Booker",-19.3578279495923,0.839391451609992,16.1201035245826,0.877901109989909
"188",401468249,"Jalen Green",9.10855435281474e-13,-10.7633611734429,12.2670720153205,0.162337662337662
"189",401468249,"Mikal Bridges",8.96709104579512e-09,-17.1938179846488,25.2236223896138,0.238026124818578
"190",401468347,"Jalen Brunson",-19.5660685160428,-12.2862188927314,24.036898528837,0.607214428857715
"191",401468347,"Josh Giddey",-19.5660684922543,-3.5843835057152,22.9104989354911,0.705705705705706
"192",401468347,"Julius Randle",NA,-9.23339611768311,13.4150375869098,NA
"193",401468347,"RJ Barrett",NA,NA,NA,NA
"194",401468347,"Shai Gilgeous-Alexander",-16.8537504949173,-2.98539761241266,14.5535330497019,0.671732522796353
"195",401468402,"Keldon Johnson",NA,-13.0380906264573,8.83040201562912,NA
"196",401468514,"Buddy Hield",-17.8729213293004,-10.3579898846748,11.9827247850863,0.344322344322344
"197",401468514,"Jordan Poole",-15.8729212419077,-3.39918202051783,15.7223852897025,0.745742092457421
"198",401468514,"Klay Thompson",1.05870360712336e-09,-7.13421895880922,11.3118496337751,0.222222222222222
"199",401468514,"Stephen Curry",NA,-14.969070876324,5.92954300849099,NA
"200",401468569,"Terry Rozier",NA,-12.4680951502729,9.4236052195915,NA
"201",401468634,"Franz Wagner",NA,-13.060191627863,15.8432879628116,NA
"202",401468634,"Keldon Johnson",NA,-13.9134735314994,10.6985812352886,NA
"203",401468634,"Paolo Banchero",NA,-4.20330949023313,15.5512404919157,NA
"204",401468644,"Anfernee Simons",NA,-12.8301853966638,10.6019920624072,NA
"205",401468644,"Damian Lillard",NA,-8.31279023498043,14.2558150110207,NA
"206",401468644,"Jamal Murray",-1.09861228866811,-5.00551376310897,16.3188451059156,0.434573829531813
"207",401468644,"Nikola Jokic",-0.559615787935424,-2.31425976879923,12.8981006167435,0.57319587628866
"208",401468718,"De'Aaron Fox",17.8729213308557,2.23979196325134,15.7230850968255,0.269
"209",401468718,"Jordan Clarkson",-18.0768941101242,-6.7230740598307,19.0794170562927,0.689125295508274
"210",401468718,"Lauri Markkanen",NA,-9.33394246243209,16.7299215240664,NA
"211",401468758,"Darius Garland",0.693147180559946,-10.4107857610033,17.3670168636728,0.218236173393124
"212",401468758,"Donovan Mitchell",-18.8729213379507,-11.4042523172289,10.5583785975199,0.612658227848101
"213",401468758,"Mikal Bridges",-41.132137042184,-10.0580176934702,24.0633558745766,0.92965367965368
"214",401468801,"Joel Embiid",-16.5660684224673,-9.36823461593825,16.3325958881482,0.454207920792079
"215",401468801,"Jordan Clarkson",15.1797740606718,-1.76672449766089,18.6631592796875,0.422379032258065
"216",401468805,"Jordan Poole",NA,-10.3640599501073,14.4232175650314,NA
"217",401468805,"Klay Thompson",-18.8537505823088,-7.04461207050614,12.7820224752624,0.693848354792561
"218",401468805,"Nikola Vucevic",0.980829253011727,1.14163716872642,13.0994874514943,0.338338338338338
"219",401468805,"Stephen Curry",-18.8729213379457,-10.9206939126337,10.5966323132803,0.401242236024845
"220",401468805,"Zach LaVine",NA,-10.4693900049704,14.8384780140048,NA
"221",401469138,"Kyrie Irving",-0.693147180559743,-5.91291945313735,15.7619663084883,0.451396648044693
"222",401469138,"Lauri Markkanen",-1.09861228866811,-0.0561377216051574,14.7266509517168,0.633774160732452
"223",401469138,"Luka Doncic",NA,-5.23732990420529,15.0770877093984,NA
"224",401469290,"CJ McCollum",NA,-8.34556602543851,10.9450260001723,NA
"225",401469290,"Jordan Poole",-1.87944295467549e-09,-7.87086831310767,12.4058765824991,0.309462915601023
"226",401469290,"Klay Thompson",NA,-6162744720128.22,117739072559472,NA
"227",401469290,"Stephen Curry",-17.853750558811,-3.77857110873602,13.856126792959,0.619675456389452
"228",401469355,"Josh Giddey",NA,-5.45029563187419,14.8558712106855,NA
"229",401469355,"Shai Gilgeous-Alexander",-15.4674561337986,-9.52613057412232,13.889561125574,0.439024390243902
"230",401469365,"Luka Doncic",NA,-2.97588840207315,11.8031071904168,NA
"231",401469365,"Nikola Vucevic",-39.1321370233636,-10.7231204893458,23.9878854546361,0.746698679471789
"232",401584114,"Anthony Davis",-0.916290731874155,-3.06917011290898,17.301810106673,0.421245421245421
"233",401584114,"D'Angelo Russell",18.2592156706144,-5.7241770769083,17.7869836628701,0.0919661733615222
"234",401584114,"Jaren Jackson Jr.",NA,-14.3676784663581,6.42366090914235,NA
"235",401584114,"LeBron James",NA,-11.8416451974204,22.7143301167706,NA
"236",401584799,"Giannis Antetokounmpo",0.847297860387213,0.588288490699772,4.86706826333393,0.155
"237",401584799,"Tyrese Haliburton",19.8537505852659,-4.59299148638928,12.0993100312163,0.0193340494092374
"238",401584833,"Damian Lillard",NA,-10.6175256678061,13.2398931921163,NA
"239",401584833,"Giannis Antetokounmpo",4.18760683036672e-09,-0.266378060158773,3.49226300930684,0.369
"240",401584833,"Kyrie Irving",16.3133055170137,2.38130987645905,15.3286856842845,0.273461150353179
"241",401584833,"Luka Doncic",9.93406991708035e-10,-4.06990389031027,10.572514780838,0.423232323232323
"242",401584876,"Brandon Miller",-37.1321370182328,-5.93113616719912,16.3516040313716,0.968973747016706
"243",401584876,"Franz Wagner",19.4674562317833,2.5716934567304,20.2855410151543,0.0140280561122244
"244",401584876,"Miles Bridges",-18.5468977393716,-4.56126364558601,15.3093420409397,0.780918727915194
"245",401584876,"Paolo Banchero",NA,-2.97635603847411,16.4789687703656,NA
"246",401584910,"Cam Thomas",-15.1797740613474,-12.9202383658631,9.51938486199298,0.179738562091503
"247",401584910,"Franz Wagner",NA,-16.6863176604643,12.4470763383224,NA
"248",401584910,"Mikal Bridges",18.1606033994576,0.066092548919623,16.1930267572899,0.0612244897959184
"249",401584910,"Paolo Banchero",NA,-1.05322414967593,18.3624548804422,NA
"250",401584929,"Brandon Ingram",NA,-13.1426402819513,15.5519245697699,NA
"251",401584929,"CJ McCollum",-0.405465108108165,-8.30834725565241,16.3450852301147,0.382124352331606
"252",401584929,"Zion Williamson",-0.510825623765992,1.01135013145586,8.43264827749471,0.608
"253",401584954,"Brandon Ingram",NA,-14.7679332842135,19.9274483513156,NA
"254",401584954,"Brandon Miller",17.1606033787127,-7.52205138830228,15.6965156985769,0.130671506352087
"255",401584954,"CJ McCollum",NA,-10.155718404986,12.5582794365932,NA
"256",401584954,"Miles Bridges",NA,-7.3398761370398,13.9205702307689,NA
"257",401584954,"Zion Williamson",-17.8537505588128,-6.30477532408543,11.2296379744058,0.748275862068966
"258",401584968,"Michael Porter Jr.",NA,-6.63676642278012,15.1530729506207,NA
"259",401584968,"Nikola Jokic",1.20397280432594,-10.9769499778328,14.2059823839121,0.110126582278481
"260",401584968,"Shai Gilgeous-Alexander",19.2592156928149,-7.28095365520167,14.2711352660529,0.00425531914893617
"261",401585031,"Anthony Davis",-0.405465108108164,-2.93214330156955,11.0604944916676,0.465256797583082
"262",401585031,"D'Angelo Russell",-49.1321382341235,-16.5543924483459,25.278770678537,1
"263",401585031,"Jaylen Brown",-17.5660684863611,-11.492727463438,12.8607872956016,0.774647887323944
"264",401585031,"Jayson Tatum",-15.9566305739272,-10.5617890196927,16.28710366387,0.628712871287129
"265",401585031,"LeBron James",NA,-15.3600198593073,11.1050583978736,NA
"266",401585117,"Bam Adebayo",15.8729212416379,-1.54585382918881,14.231362288261,0.2711157455683
"267",401585117,"Devin Booker",-15.649777690592,-10.995058791872,18.4524766294825,0.332880434782609
"268",401585131,"Devin Booker",-1.09817891308092e-15,-8.02337492576219,15.4705373341987,0.300822561692127
"269",401585131,"Jaren Jackson Jr.",18.3429249516006,-2.8726381002593,14.9242336249078,0.106681034482759
"270",401585131,"Kevin Durant",-17.4325370937354,-6.8378102055222,16.4187263457139,0.81042654028436
"271",401585278,"Anthony Davis",19.0768941351598,-5.2414522108786,13.3969735476293,0.0123609394313968
"272",401585278,"D'Angelo Russell",-15.8729212419067,-8.18432819056124,15.7323229816859,0.446254071661238
"273",401585278,"Klay Thompson",-16.0552427986994,-10.1686301730813,14.7708932646314,0.382303839732888
"274",401585278,"LeBron James",-1.79175946922489,-4.14078573955892,14.5685677312887,0.515151515151515
"275",401585278,"Stephen Curry",-18.3653978143941,11154781482173.8,317175709681032,0.77319587628866
"276",401585312,"D'Angelo Russell",-18.8537505823172,-10.7396218448872,13.663520261498,0.961240310077519
"277",401585312,"Jaylen Brown",NA,-8.80768128386794,13.469321981942,NA
"278",401585312,"Jayson Tatum",NA,-9.88096917079954,12.7489138792357,NA
"279",401585528,"Shai Gilgeous-Alexander",-19.4133663702456,-0.876369107277144,14.2319792081516,0.737435897435897
"280",401585631,"Kawhi Leonard",-17.4674562285997,-3.63462672720543,20.7894893598033,0.641573033707865
"281",401585631,"Paul George",-16.8537504949204,-6.98141285472212,19.7208413737574,0.572519083969466
"282",401585697,"Devin Booker",7.32824481043609e-12,-8.3294636946217,12.8560312887984,0.108108108108108
"283",401585697,"Kevin Durant",-18.2592156669147,-2.2446100152849,19.6197625835434,0.656716417910448
"284",401607494,"Damian Lillard",-17.1606033782485,-10.6522209527797,12.2889593109805,0.920103092783505
"285",401607494,"Giannis Antetokounmpo",17.1797741502809,3.51818320919607,11.075427076076,0.274549098196393
"286",401607494,"Tyrese Haliburton",-39.1321370373937,-6.26301867213058,10.8491694172718,0.998950682056663
"287",401616474,"Donovan Mitchell",17.4674562235757,-7.43363309744787,18.7034630028035,0.0805134189031505
"288",401704760,"Bam Adebayo",-5.94036153716435e-13,-5.09440363297655,15.3669821341391,0.358851674641148
"289",401704760,"Jamal Murray",NA,-4.1916987463335,15.4039636610905,NA
"290",401704760,"Michael Porter Jr.",-19.5660685185106,-9.02935215827105,13.1256130938895,0.708010335917313
"291",401704760,"Nikola Jokic",-18.9566306083829,-3.64853913511782,18.8174505975135,0.529
"292",401704760,"Tyler Herro",-17.9715335944695,-5.93061442659794,13.8391541277369,0.945679012345679
"293",401704785,"Coby White",NA,-10.5749006432851,13.2880059614599,NA
"294",401704785,"Jalen Brunson",-17.2592156030249,-8.91653442888379,13.4629213491705,0.662773722627737
"295",401704785,"Karl-Anthony Towns",-17.9715335944675,0.874453699656396,10.9285852289796,0.890890890890891
"296",401704785,"Mikal Bridges",-16.467456197689,-8.89266200431295,17.884306310533,0.34793491864831
"297",401704785,"Nikola Vucevic",16.6201583593357,1.52031260388033,20.6885305151645,0.489051094890511
"298",401704785,"OG Anunoby",NA,-13.2257016697651,14.990963491362,NA
"299",401704785,"Zach LaVine",-2.44937889918121e-09,-1.70808347849571,7.25211179408378,0.462
"300",401705151,"Austin Reaves",0.693147180559948,-4.85980470354212,13.8496181034213,0.219289340101523
"301",401705151,"LeBron James",18.4674562317561,1.21752684698485,19.9952586567666,0.059
"302",401705240,"Austin Reaves",NA,-13.4665428004077,15.5810252015433,NA
"303",401705240,"Jordan Poole",NA,-14.0262804244524,14.2096678093996,NA
"304",401705240,"LeBron James",-16.8537504949161,-7.25759248682737,15.0350745109494,0.478260869565217
"305",401705268,"Jalen Brunson",16.8729213065785,-0.607418981705727,14.1687462287024,0.185108583247156
"306",401705268,"Jalen Green",NA,-5.49376441058184,15.3116355048487,NA
"307",401705268,"Karl-Anthony Towns",18.2295962717942,-5.26558469990502,14.9691023138838,0.12463768115942
"308",401705268,"Mikal Bridges",17.5660684863557,-8.23588253664758,15.8739065631467,0.17713567839196
"309",401705294,"Jaylen Brown",-17.5660684863577,-7.13257770629338,21.1337494875173,0.451205510907003
"310",401705294,"Jayson Tatum",NA,-14.4393807953576,10.240045307277,NA
"311",401705352,"Tyler Herro",16.9566305952457,-2.9031813643018,17.5703672093536,0.116545265348595
"312",401705386,"Anthony Edwards",NA,-10.2236342437347,13.3665021209332,NA
"313",401705386,"Jalen Williams",NA,-6.48044153902006,14.4630513783561,NA
"314",401705386,"Shai Gilgeous-Alexander",37.1321370193816,-4.17780839414492,18.1171759840018,0.0320579110651499
"315",401705421,"Coby White",NA,-8.73656638125609,14.3111415863447,NA
"316",401705421,"RJ Barrett",NA,-7.4216771056652,14.0445769335059,NA
"317",401705421,"Scottie Barnes",-0.405465108108165,-5.91131069139229,15.3635661972096,0.448775055679287
